pubdate,bvid,url,title,episodes,duration_h,views,likes,coins,favs,replies,author,intro
2026-09-02,BV1uTt76zEy2,https://www.bilibili.com/video/BV1uTt76zEy2,【杀戮尖塔2】第七届猫粮杯表演赛,6,2.34,30459,1025,96,61,91,破碎的星光brkstar,第七届猫粮杯了，第一届尖塔2的猫粮杯 / 希望大家看的开心，希望我能做的下去(拉斐尔说的)
2026-09-02,BV1kPtE68E4L,https://www.bilibili.com/video/BV1kPtE68E4L,杀戮尖塔2—白夕9月录播合集,40,21.33,33607,524,33,51,79,白夕Seal,点点赞汪！点点赞谢谢汪！
2026-09-01,BV1SYtu6UEUR,https://www.bilibili.com/video/BV1SYtu6UEUR,雪夜枪声—正式版上线！新上轮盘赌肉鸽！,1,2.01,11936,608,32,30,31,白夕Seal,游戏名：steam-雪夜枪声  / 视频是8.28号录播
2026-08-22,BV1ZY8r6dEPN,https://www.bilibili.com/video/BV1ZY8r6dEPN,杀戮尖塔2—白夕8.7月录播合集,162,77.18,88968,788,78,96,95,白夕Seal,点点赞汪！点点赞谢谢汪！ / 200p满咯！
2026-08-19,BV1N28G6sEGq,https://www.bilibili.com/video/BV1N28G6sEGq,杀戮尖塔2—这样变2是爽种还是毒种？内马尔幻想中的配合！试试新跃跃欲试！,1,0.31,76949,2296,123,207,395,白夕Seal,点点赞汪！点点赞谢谢汪！
2026-08-18,BV1cU8g6LE93,https://www.bilibili.com/video/BV1cU8g6LE93,杀戮尖塔2—崩坠mod合集,23,13.31,66275,1245,66,332,159,白夕Seal,点点赞汪！点点赞谢谢汪！ / mod名： 崩坠
2026-08-16,BV1HtbU6JErW,https://www.bilibili.com/video/BV1HtbU6JErW,杀戮尖塔2—111版本Nosl合集,83,57.75,107540,1073,114,224,276,白夕Seal,点点赞汪！点点赞谢谢汪！
2026-08-15,BV1uWbC6mESP,https://www.bilibili.com/video/BV1uWbC6mESP,【杀戮尖塔2】第七届猫粮杯录播合集,80,24.19,127592,1276,126,229,254,破碎的星光brkstar,第七届猫粮杯了，第一届尖塔2的猫粮杯 / 希望大家看的开心，希望我能做的下去(拉斐尔说的)
2026-08-14,BV1fEgw6PEZy,https://www.bilibili.com/video/BV1fEgw6PEZy,杀戮尖塔2—测试版第十三次更新！水温上升！大量卡牌削弱！敌人加强！至亮飞溅爹倒了！,1,0.14,266124,8301,446,619,1842,白夕Seal,点点赞汪！点点赞谢谢汪！ / 仅为测试分支更新，想提前体验这部分改动可以在steam右键杀戮尖塔2，选择属性，切换版本至测试版体验
2026-08-02,BV1ht3m6UEc9,https://www.bilibili.com/video/BV1ht3m6UEc9,杀戮尖塔2第七届猫粮杯PV,1,0.02,133296,4700,294,302,415,爱丽丝拉斐尔_Official,音频转自https://www.youtube.com/watch?v=a-ZaoVUBzqo / 作者：ALOUTOULOU / https://www.youtube.com/@ALOUTOULOU
2026-08-02,BV1or3D6iES2,https://www.bilibili.com/video/BV1or3D6iES2,杀戮尖塔2—白夕8月录播合集,200,80.57,112649,772,116,140,111,白夕Seal,点点赞汪！点点赞谢谢汪！
2026-08-01,BV1SxGM66ESZ,https://www.bilibili.com/video/BV1SxGM66ESZ,杀戮尖塔2—创造历史50连！110版本nosl点播合集,74,53.56,233450,2229,390,720,673,白夕Seal,点点赞汪！点点赞谢谢汪！ / 感谢@2236AD  老板的点播
2026-07-31,BV1bzGA64Er1,https://www.bilibili.com/video/BV1bzGA64Er1,杀戮尖塔2—测试版第十二更新！毒猎加强！创世之柱回调！大量先古调整！,1,0.08,180688,6705,358,503,1877,白夕Seal,点点赞汪！点点赞谢谢汪！ / 剪辑@悠轩游轩
2026-07-25,BV1wV3M6dE4t,https://www.bilibili.com/video/BV1wV3M6dE4t,杀戮尖塔2—白夕7月录播合集 下,80,35.41,65324,720,54,70,46,白夕Seal,点点赞汪！点点赞谢谢汪！ / 合集又满200咯
2026-07-23,BV1k5gm6eEQ1,https://www.bilibili.com/video/BV1k5gm6eEQ1,杀戮尖塔2—109版本nosl猎点播合集,49,29.71,41274,805,50,82,67,白夕Seal,点点赞汪！点点赞谢谢汪！ / 感谢@2236AD  老板的点播
2026-07-22,BV1ttgz6XERs,https://www.bilibili.com/video/BV1ttgz6XERs,杀戮尖塔2—从夯到拉锐评商店遗物！工具箱依然能打，算盘叠已经拉完！,1,0.14,185513,7152,458,696,1220,白夕Seal,点点赞汪！点点赞谢谢汪！  / 剪辑@悠轩游轩
2026-07-20,BV1E6Kk6qEBk,https://www.bilibili.com/video/BV1E6Kk6qEBk,杀戮尖塔2—毒种点播合集,11,7.49,50364,1043,99,194,107,白夕Seal,点点赞汪！点点赞谢谢汪！ / 有一定连胜或多次复盘无法通关的种子可以带描述直播间50sc点播，会插队优先打打 / 普通毒种可以录播右下角群里和群友交流
2026-07-18,BV1s3KF64EWg,https://www.bilibili.com/video/BV1s3KF64EWg,卡厄思梦境—二游观者爬塔试玩！,1,0.05,31323,1006,43,33,129,白夕Seal,点点赞汪！点点赞谢谢汪！
2026-07-17,BV1MWKH6ZEao,https://www.bilibili.com/video/BV1MWKH6ZEao,杀戮尖塔2—测试版第十一更！2个月来最大更新！大量角色关键卡牌遭调整！遗物大改，瓦库加强！,1,0.19,263134,9925,947,751,2886,白夕Seal,点点赞汪！点点赞谢谢汪！ / 剪辑@悠轩游轩   / 测试版入口：steam—库—杀戮尖塔2—右键属性—游戏版本及测试版
2026-07-05,BV1gbTC6ZEsj,https://www.bilibili.com/video/BV1gbTC6ZEsj,再见了 所有的爬塔战士！尖塔五大up合唱《One last kiss》看哭一众咔咔，希望噶人们能在以后的日子里享受生活,1,0.07,297869,15278,6155,4165,1461,翔咕咕本鸽,"希望噶人们爬塔过程中少些戾气，享受爬塔带来的乐趣，珍惜与身边朋友爬塔的时光，享受游戏，享受生活——xgg（不是xggg哦，xgg是翔咕咕） /  / 制作人员名单 / 策划：翔咕咕本鸽 / 剪辑：悠轩游轩，翔咕咕本鸽 / 封面，字幕，填词：翔咕咕本鸽 / 音频：幻琉HL / 动画：无害的鳄鱼菌 / 素材来源：幽浮碳基河豚，Kingxe,非自然X桑,普通路过切片man，Only-blue_ 美味食用冰 FFF655 我在非洲的前期 幻琉HL 破碎的星光brkstar 晓夫九 辉辉一时兴起 悠轩游轩 咬人裙 溺死在人潮中 / ai演唱：白夕Se"
2026-07-05,BV1WcMK6LEGu,https://www.bilibili.com/video/BV1WcMK6LEGu,杀戮尖塔2—108版本nosl合集,12,11.29,55235,857,76,83,170,白夕Seal,点点赞汪！点点赞谢谢汪！ / @2236AD  老板点播的nosl合集
2026-07-04,BV1FqMF64EBK,https://www.bilibili.com/video/BV1FqMF64EBK,杀戮尖塔2—测试版第十更！机器人压缩被砍烂！联机新增大量轮椅假卡！,1,0.12,185290,5863,270,423,1182,白夕Seal,点点赞汪！点点赞谢谢汪！ / 剪辑@悠轩游轩   / 不怕bug的话很推荐去测试版玩联机！ / 切换版本方式—steam—尖塔2—右侧小齿轮—属性—游戏版本及测试版
2026-07-02,BV1wfT666EC2,https://www.bilibili.com/video/BV1wfT666EC2,杀戮尖塔2—白夕7月录播合集,200,124.22,134697,994,125,131,134,白夕Seal,点点赞汪！点点赞谢谢汪！ / 7.10号录播在nosl合集
2026-06-28,BV143TM6pEhy,https://www.bilibili.com/video/BV143TM6pEhy,杀戮尖塔2—5分钟速通19张储君白卡！来看看你喜欢的卡是不是拉完了？,1,0.11,134640,5424,482,614,1341,白夕Seal,点点赞汪！点点赞谢谢汪！
2026-06-15,BV12TJT6JEdN,https://www.bilibili.com/video/BV12TJT6JEdN,杀戮尖塔2—EA测试版储君百连合集（暂时完结）,114,82.72,162532,1517,191,374,432,白夕Seal,点点赞汪！点点赞谢谢汪！ / 平均用时43.6分钟  平均卡组大小25张
2026-06-12,BV1fKE166E3q,https://www.bilibili.com/video/BV1fKE166E3q,杀戮尖塔2—入门必修之：一层路线选择！密林更需要输出！暗港更需要防御！,1,0.12,172630,6969,894,1241,1234,白夕Seal,点点赞汪！点点赞谢谢汪！ / 是前几天直播预告的路线攻略！ / 剪辑@悠轩游轩
2026-06-08,BV1cdEM6kE3r,https://www.bilibili.com/video/BV1cdEM6kE3r,杀戮尖塔2—EA测试版亡灵契约师百连合集（暂时完结）,71,50.98,126771,1326,170,276,450,白夕Seal,点点赞汪！点点赞谢谢汪！ / 71局平均卡组大小27张，平均用时43分钟
2026-06-05,BV1977r6XEZj,https://www.bilibili.com/video/BV1977r6XEZj,杀戮尖塔2—测试版第八更！沙漏小削！卡牌微调！内容很少的假装更新！,1,0.04,184987,5313,198,309,1089,白夕Seal,点点赞汪！点点赞谢谢汪！ / 剪辑@悠轩游轩   / 更新内容仅在测试分支上线，正式服暂时不受影响
2026-06-04,BV1vs7o6PEYL,https://www.bilibili.com/video/BV1vs7o6PEYL,杀戮尖塔2—白夕6月录播合集,140,103.71,114587,1043,127,175,179,白夕Seal,点点赞汪！点点赞谢谢汪！ / 最近在冲连胜 部分录播在连胜合集
2026-06-03,BV1HQVr6dEK2,https://www.bilibili.com/video/BV1HQVr6dEK2,杀戮尖塔2—EA测试版机器人百连合集（暂时完结）,64,38.82,71175,889,104,231,145,白夕Seal,点点赞汪！点点赞谢谢汪！、 / 64局平均卡组大小27.2张 平均用时36.4分钟
2026-05-30,BV1LbV36FEZe,https://www.bilibili.com/video/BV1LbV36FEZe,卡厄思梦境—国服正式上线！看看豹最近唯一在玩的手游！,1,0.06,29969,898,93,42,257,白夕Seal,游戏名：卡厄思梦境 wegame即可下载
2026-05-30,BV1SAVe6LEuS,https://www.bilibili.com/video/BV1SAVe6LEuS,杀戮尖塔2—EA测试版战士泥头车百连合集（暂时完结）,33,18.13,132750,1320,229,455,372,白夕Seal,点点赞汪！点点赞谢谢汪！ / 106版本33局连胜，平均卡组大小24.9张，平均时长33分钟
2026-05-26,BV1MtVA6ZEz6,https://www.bilibili.com/video/BV1MtVA6ZEz6,5.3茶话会【双语字幕ver】,1,2.35,108135,3548,668,688,1240,爱丽丝拉斐尔_Official,感谢片尾2:20:54处的各位对翻译以及校对的付出！ / 5月3号拖了23天也是终于整完了双语字幕，辛苦各位了 / 有一些信息可能有点过时了，但依旧有不少信息在版本变更之后依旧值得思考，总之感谢各位 /  / 至少我还是感谢安东尼能让我们相聚在此刻的。
2026-05-23,BV1GHGh6kERZ,https://www.bilibili.com/video/BV1GHGh6kERZ,杀戮尖塔2—1.06版本更新 白夕5.7月录播合集,49,34.76,88790,1027,112,113,182,白夕Seal,点点赞汪！点点赞谢谢汪！ / 上个合集又快满了，正好测试版更新，再开一个新合集
2026-05-23,BV1EuGh6DEKT,https://www.bilibili.com/video/BV1EuGh6DEKT,杀戮尖塔2—EA测试版猎手百连合集（暂时完结）,62,45.52,108805,1299,179,331,403,白夕Seal,点点赞汪！点点赞谢谢汪！ / 合集内猎手局平均用时44分钟，卡组平均大小32.9张
2026-05-22,BV1zwLi6rE3h,https://www.bilibili.com/video/BV1zwLi6rE3h,杀戮尖塔2—测试版第七更！严肃针对乌龟打法！观者式更新！上版平静，这周该暴怒了！,1,0.08,368525,9797,438,661,3863,白夕Seal,点点赞汪！点点赞谢谢汪！ / 内容仅在测试分支改动，正式版暂时不受影响。 / 剪辑@悠轩游轩
2026-05-14,BV1nW5964Evo,https://www.bilibili.com/video/BV1nW5964Evo,杀戮尖塔2—宇宙冷漠是什么杯？（翻唱）,1,0.05,328373,11069,2477,1650,1223,白夕Seal,点点赞汪！点点赞谢谢汪！ / 原曲@幻琉HL
2026-05-11,BV1mh5n6kELS,https://www.bilibili.com/video/BV1mh5n6kELS,杀戮尖塔2—5滴血冲刺3精英墨影幻灵！105版本最红利职业！机神归位！,1,0.31,203098,5421,490,688,863,白夕Seal,点点赞汪！点点赞谢谢汪！ / 种子：20050317
2026-05-10,BV1ieRoBZEDr,https://www.bilibili.com/video/BV1ieRoBZEDr,杀戮尖塔2—白夕5.5月录播合集,174,108.29,160810,1164,163,200,207,白夕Seal,点点赞汪！点点赞谢谢汪！
2026-05-10,BV1uSRoBmE21,https://www.bilibili.com/video/BV1uSRoBmE21,杀戮尖塔2—105新版剑圣最强用法！每回合只出1张牌nosl爆杀女王实验体！,1,0.05,118360,3780,151,274,503,白夕Seal,点点赞汪！点点赞谢谢汪！ / 剑圣施加重放的的结算非常靠后，杂耍会复制卡牌的重放词条，但视为一张没有被剑圣加成的新牌，问了问拉斐尔，很可能是bug，但是有点爽！ /  / 同龄人：淬炼刀刃！铸墙！征服者！锻打成型！ / 我：杂耍 / 就很...
2026-05-08,BV12Fd3B7Esi,https://www.bilibili.com/video/BV12Fd3B7Esi,杀戮尖塔2—测试版第六更！再见了，门小弟！机宝终于加强！新的塞牌Boss！比较满意的一周！,1,0.14,385859,13724,1067,1083,3005,白夕Seal,点点赞汪！点点赞谢谢汪！ / 剪辑@悠轩游轩   / 测试分支路径—steam尖塔2页面——右侧小齿轮——属性——游戏版本及测试版
2026-04-30,BV1Kp9aBKE8n,https://www.bilibili.com/video/BV1Kp9aBKE8n,雪夜枪声—俄罗斯轮盘赌肉鸽！但子弹杀伤力不如嘴臭！,1,2.0,27191,1023,82,96,53,白夕Seal,游戏名：雪夜枪声
2026-04-29,BV1Mt9SBdE6N,https://www.bilibili.com/video/BV1Mt9SBdE6N,杀戮尖塔2—最感人的一次联机！双双复制卡组+吃大蘑菇！被看门狗血入100血翻盘！,1,0.15,170889,6066,453,419,709,白夕Seal,点点赞汪！点点赞谢谢汪！ / 猎手@病院坂saki
2026-04-27,BV125oZB7Ewb,https://www.bilibili.com/video/BV125oZB7Ewb,杀戮尖塔2—白夕五月录播合集,190,120.67,205582,1657,240,343,313,白夕Seal,点点赞汪！点点赞谢谢汪！
2026-04-26,BV1skZcBdEsk,https://www.bilibili.com/video/BV1skZcBdEsk,杀戮尖塔2—瓦库遗物详解！瓦出不是区！大门扉版本最翻身之人！103版本攻略已略微过期,1,0.16,333691,11824,984,947,1308,白夕Seal,点点赞汪！点点赞谢谢汪！ / 剪辑@悠轩游轩
2026-04-24,BV19ioGBvEeE,https://www.bilibili.com/video/BV19ioGBvEeE,杀戮尖塔2—测试版第五更！门扉大人又活了一个版本！风平浪静的一周！,1,0.08,348656,9263,435,697,3972,白夕Seal,点点赞汪！点点赞谢谢汪！ / 剪辑@悠轩游轩
2026-04-23,BV1HfoYB3Ev2,https://www.bilibili.com/video/BV1HfoYB3Ev2,杀戮尖塔2—罕见飞鞋毒种！精妙的地图设计让猎豹无处可逃！,1,0.93,190437,4242,361,676,708,白夕Seal,点点赞汪！点点赞谢谢汪！
2026-04-21,BV1ZpdmBMEWe,https://www.bilibili.com/video/BV1ZpdmBMEWe,杀戮尖塔2—大门扉时代各职业迎来大变？从极端把把洁到极端把把均！103版本攻略,1,0.17,324651,9755,943,997,3374,白夕Seal,点点赞汪！点点赞谢谢汪！ / 剪辑@悠轩游轩   / 表情包@_陳陳子_
2026-04-17,BV18Nd6BqESh,https://www.bilibili.com/video/BV18Nd6BqESh,杀戮尖塔2—佩尔遗物详解！最不可不尝的克隆猴戏！099版本攻略已过期,1,0.15,315912,9467,687,832,1424,白夕Seal,点点赞汪！点点赞谢谢汪！ / 佩尔之眼教学局传送门 / https://www.bilibili.com/video/BV1ywXwB5EGm?vd_source=c8481f537c5213cc474ef919942ff305&spm_id_from=333.788.videopod.episodes&p=145
2026-04-12,BV17KDSBFEKS,https://www.bilibili.com/video/BV17KDSBFEKS,杀戮尖塔2—为什么说预借时间加强了？预借时间教学局！打开思路的均卡之神！,1,0.69,135003,2833,224,340,961,白夕Seal,不打精简循环的话预借是加强的，而正好测试版删牌和事件都砍了，精简不动了 / 点点赞汪！点点赞谢谢汪！
2026-04-11,BV1fGQNBgEMY,https://www.bilibili.com/video/BV1fGQNBgEMY,杀戮尖塔2—白夕四月录播合集,197,125.34,205842,1330,205,335,192,白夕Seal,点点赞汪！点点赞谢谢汪！ / 200p又满咯！
2026-04-11,BV131QPBfEgC,https://www.bilibili.com/video/BV131QPBfEgC,杀戮尖塔2—欧洛巴斯遗物详解！把把幻想注能异虾的大眼睛！099版本攻略已过期,1,0.16,383162,12899,1512,1228,1269,白夕Seal,点点赞汪！点点赞谢谢汪！
2026-04-10,BV1jKQcBfEqn,https://www.bilibili.com/video/BV1jKQcBfEqn,杀戮尖塔2—测试版第四更！逆天杂技升蓝！门扉活下来了！设计思路为前期难度转移至后期！,1,0.08,441163,10480,545,736,4391,白夕Seal,点点赞汪！点点赞谢谢汪！ / 杂技张数统计方法为：小黑盒相同局数的10张白卡总出现数量1400+ 10张蓝卡出现数量500+  按比例的大体估算 / 感谢剪辑@悠轩游轩
2026-04-08,BV1kwDkBUEWT,https://www.bilibili.com/video/BV1kwDkBUEWT,杀戮尖塔2—一层烧10种子毒种！安东尼幻想中的幽灵种子！猴戏遗物！,1,0.68,133044,2807,178,324,431,白夕Seal,幽灵种子是爹，但是不发过牌的是爷爷！ / 点点赞汪！点点赞谢谢汪！
2026-04-07,BV1A1DYBbEBK,https://www.bilibili.com/video/BV1A1DYBbEBK,卡厄思梦境—萌新该怎么培养角色？记忆碎片一分钟讲完！新手入坑攻略！,1,0.06,38062,917,75,110,150,白夕Seal,游戏名：卡厄斯梦境 大概五月国服公测
2026-04-05,BV1JqDVBAE4R,https://www.bilibili.com/video/BV1JqDVBAE4R,杀戮尖塔2—典中典之跟病姐联机开dps检测开局飞溅女妖已成哀兵但三冰蛋跟踪化身跟踪狂卧薪尝胆哀兵必胜偷吃相信华丽一刀480逆袭成功！,1,0.27,104365,2892,217,270,371,白夕Seal,点点赞汪！点点赞谢谢汪！ / 储君@病院坂saki   / 剪辑@悠轩游轩
2026-04-05,BV1DoDVBEENJ,https://www.bilibili.com/video/BV1DoDVBEENJ,杀戮尖塔2—删牌死贵！大卡组王朝了！测试版第三次更新试水合集！,16,9.68,160808,2552,152,297,747,白夕Seal,单独放一下前天测试版第三次更新的录播，门扉难度高了不少，但玩家都是逼出来的，莫非安东尼真是对的， / 胡局基本才能精简，再玩小卡组找人弄你！ / 现在差不多每局都把门扉当心脏打，能打女王实验体的常规构筑和之前版本的构筑很可能打不了门扉，对上限的需求明显高很多 / 点点赞汪！点点赞谢谢汪！
2026-04-03,BV1Vp9KBgENo,https://www.bilibili.com/video/BV1Vp9KBgENo,杀戮尖塔2—测试版第三次更新！有啥必要继续加强门扉吗？预借时间重做！,1,0.1,550563,14106,910,1139,5412,白夕Seal,目前只是测试版的改动，很可能是统计学问题导致的，只看到少数老玩家在测试版胜率良好，导致错判难度，大家可以多多F2反馈，这个门扉肯定还会调整，就这么搬上来我直接吃 / 感谢剪辑@悠轩游轩
2026-03-31,BV1FCXrBSEJ1,https://www.bilibili.com/video/BV1FCXrBSEJ1,杀戮尖塔2—特兹卡塔拉遗物详解！一进二最爱的稻草人！099版本攻略已过期,1,0.18,412772,13183,1396,1181,2179,白夕Seal,点点赞汪！点点赞谢谢汪！ / 剪辑@悠轩游轩
2026-03-30,BV1gNXYBCEUu,https://www.bilibili.com/video/BV1gNXYBCEUu,杀戮尖塔2—近期关于测试版与制作组谣言的再次澄清,1,0.04,238571,7526,1223,596,2792,白夕Seal,点点赞汪！点点赞谢谢汪！
2026-03-29,BV19TXUB4E7R,https://www.bilibili.com/video/BV19TXUB4E7R,杀戮尖塔2—攻哈战之特有的捡垃圾吃然后变成爽种！,1,0.38,148578,3405,198,370,491,白夕Seal,点点赞汪！点点赞谢谢汪！
2026-03-28,BV1H8X5BCEV9,https://www.bilibili.com/video/BV1H8X5BCEV9,卡厄思梦境—最保值！常驻池角色限伤70%依然T0！开服角色推荐！,1,0.04,26420,687,65,45,153,白夕Seal,游戏名：卡厄思梦境
2026-03-27,BV1ZFXNBGERf,https://www.bilibili.com/video/BV1ZFXNBGERf,杀戮尖塔2—测试服第二次更新！点名感谢中国玩家的反馈！背包回调，门扉重做！最听劝的一集！,1,0.1,394175,13593,1160,1186,4237,白夕Seal,点点赞汪！点点赞谢谢汪！ / 剪辑@悠轩游轩
2026-03-26,BV12aXnBiEfY,https://www.bilibili.com/video/BV12aXnBiEfY,杀戮尖塔2—重大发现！走问号甚至要跳过金币，要做的不止防摔！新塔学必修之事件池！,1,0.11,438669,11939,1585,2821,1129,白夕Seal,点点赞汪！点点赞谢谢汪！ / 事件一图流作者@EKLazy  放在评论区  / 剪辑@悠轩游轩
2026-03-24,BV1gyQiBSEbi,https://www.bilibili.com/video/BV1gyQiBSEbi,卡厄思梦境—玩法新颖的二次元杀戮尖塔！二游里罕见的可玩性！,1,0.04,89122,1667,71,154,294,白夕Seal,游戏名：卡厄思梦境，现在二测，快要出国服啦！
2026-03-24,BV1ywXwB5EGm,https://www.bilibili.com/video/BV1ywXwB5EGm,杀戮尖塔2—白夕3月末4月录播合集,200,124.88,181304,1284,212,260,216,白夕Seal,200分p满了，点点赞汪！点点赞谢谢汪！ / 部分测试版录播放在了空间新发的测试合集里
2026-03-21,BV1gVAWzkELz,https://www.bilibili.com/video/BV1gVAWzkELz,杀戮尖塔2—测试版体验合集,13,9.33,127171,1729,123,267,1053,白夕Seal,点点赞汪！点点赞谢谢汪！ / 门扉在面对常规胡局时大部分时候还是可以战胜的， / 但问题在于加强了大量1 2 3层小怪，见到门扉变得困难，并且一但第一回合断抽牌，门扉的偷牌在没有头槌等控顶， / 或灵魂等塞牌的情况下几乎无法控制，蠕动局被偷关键牌直接投降真的是很拉的设计 / 看明天热修复怎么改了
2026-03-20,BV19jAEzNE25,https://www.bilibili.com/video/BV19jAEzNE25,杀戮尖塔2—测试版第一次更新就守护老冯？好卡全削怪物加强！评论区大大方方骂官方能看到！,1,0.14,733406,19239,2922,1883,14067,白夕Seal,点点赞汪！点点赞谢谢汪！ / 注意这仅仅是测试版更新！正式版更新会比较保守，请给EA游戏多一点宽容， / 看到后续正式版调整再跑路不迟， / 想体验测试版路径为：steam尖塔2-小齿轮-属性-游戏版本及测试版 / 剪辑@悠轩游轩
2026-03-18,BV1qmwYzjEU2,https://www.bilibili.com/video/BV1qmwYzjEU2,杀戮尖塔2—转发给你的兄弟，尖塔联机不是谁胡了就结束了！,1,0.2,177242,4053,298,330,545,白夕Seal,点点赞汪！点点赞谢谢汪！ / 机宝@病院坂saki   / 剪辑@悠轩游轩
2026-03-16,BV1TJw7znEXu,https://www.bilibili.com/video/BV1TJw7znEXu,杀戮尖塔2—牌序塔学还没死透！药水掉率比一代更高！从塔1到塔2大变的塔学知识！,1,0.08,131412,4881,528,766,633,白夕Seal,点点赞汪！点点赞谢谢汪！
2026-03-16,BV1h7wgzBEm8,https://www.bilibili.com/video/BV1h7wgzBEm8,杀戮尖塔2—先行杯竞速合集！,113,34.7,146495,1225,131,215,306,白夕Seal,点点赞汪！点点赞谢谢汪！ / 规则是A8一次战斗sl一次事件sl的竞速比赛 / 感谢主办方@Absentia
2026-03-13,BV1gpcSzyE5Y,https://www.bilibili.com/video/BV1gpcSzyE5Y,杀戮尖塔2—目前最快！11:52储君A10速通！放出这局害了多少萌新走上铸剑的歪路！,1,0.13,575350,11953,1136,2255,1763,白夕Seal,点点赞汪！点点赞谢谢汪！ / 种子：07Z6SU89LR / 主页单人模式——自定模式——输入种子选择储君 / 注意时间线需要全解锁
2026-03-12,BV1yjwwzTEfs,https://www.bilibili.com/video/BV1yjwwzTEfs,杀戮尖塔2—10分速通亡灵契约师！40张卡学会骨掌祭契人！抛弃灾厄流召唤流之名！099版本攻略已过期,1,0.17,534957,11995,1785,2976,3677,白夕Seal,点点赞汪！点点赞谢谢汪！
2026-03-11,BV1pjwFzbEmi,https://www.bilibili.com/video/BV1pjwFzbEmi,杀戮尖塔2—新版战士第一课！3固有杂耍攻杀！一层无惧耸肩卡我攻哈了！,1,0.15,316852,5561,512,783,1335,白夕Seal,点点赞汪！点点赞谢谢汪！ / 新版战士攻哈局确实远多于防哈局 删防是对的 / bgm@幻琉HL   ai白夕 绝不认输 突然的装糖
2026-03-10,BV1d6cXzfEPU,https://www.bilibili.com/video/BV1d6cXzfEPU,杀戮尖塔2—静默猎手在塔2到底更新了什么！快速发现强势新卡！最可能是最强职业的一位！,1,0.16,231224,7451,1055,953,1550,白夕Seal,点点赞汪！点点赞谢谢汪！ / 视频剪辑@悠轩游轩
2026-03-09,BV1NCPQzSE5L,https://www.bilibili.com/video/BV1NCPQzSE5L,杀戮尖塔2—第一次联机！注意事项竟然是ban猎人？,1,0.26,347706,7574,436,810,1217,白夕Seal,点点赞汪！点点赞谢谢汪！ / 剪辑@悠轩游轩
2026-03-09,BV1BRPSzYEww,https://www.bilibili.com/video/BV1BRPSzYEww,杀戮尖塔2—塔2比一代都改动了什么？塔学大凋零时代！保护精英竟真是对的！神の精准预言！,1,0.12,402122,12752,1864,1625,2693,白夕Seal,点点赞汪！点点赞谢谢汪！
2026-03-07,BV19yNwzZEsy,https://www.bilibili.com/video/BV19yNwzZEsy,杀戮尖塔2—机器人在塔2到底更新了什么！快速发现强势新卡！攻哈启动！机宝真的不是区了！,1,0.11,359206,20456,3753,1613,2096,白夕Seal,点点赞汪！点点赞谢谢汪！
2026-03-06,BV1JrPpztEmC,https://www.bilibili.com/video/BV1JrPpztEmC,杀戮尖塔2—铁甲战士在塔2到底更新了什么！快速发现强势新卡！最版本红利的卡牌竟然是完美打击？？？,1,0.16,469216,14365,2416,1908,3359,白夕Seal,点点赞汪！点点赞谢谢汪！
2026-03-06,BV1YoP1z1ECt,https://www.bilibili.com/video/BV1YoP1z1ECt,杀戮尖塔2—全职业进阶开荒合集！,198,123.59,750386,4687,1033,2200,1453,白夕Seal,点点赞汪！点点赞谢谢汪！庆祝塔2发布！近期都会在直播间天选抽奖塔2（88红包） 噶人们记得来参与一下哦！ / 竞速移步BV1h7wgzBEm8
2026-03-03,BV1o7ARzgEGx,https://www.bilibili.com/video/BV1o7ARzgEGx,杀戮尖塔—转经轮棱镜狗圈不跳牌！还必须换着职业拿！抓牌=赤石！会赢吗？,1,1.2,44449,1607,391,166,166,白夕Seal,点点赞汪！点点赞谢谢汪！
2026-02-28,BV1pqAtzkEDS,https://www.bilibili.com/video/BV1pqAtzkEDS,杀戮尖塔—白夕Seal 26年3月尖塔1录播合集,53,30.38,48877,691,90,77,108,白夕Seal,点点赞汪！点点赞谢谢汪！ 200p又满啦
2026-02-21,BV1o7fEBfEBR,https://www.bilibili.com/video/BV1o7fEBfEBR,杀戮尖塔—尖塔2发布日期定档3月5日！机宝复活！官方联机模式！全新稀有度卡牌！还能在尖塔里玩扫雷！,1,0.12,273080,7050,555,620,1215,白夕Seal,点点赞汪！点点赞谢谢汪！
2026-02-16,BV1MmZTB2ELS,https://www.bilibili.com/video/BV1MmZTB2ELS,【杀戮尖塔】塔区春晚，你画我猜,1,1.73,107853,3861,1181,787,291,破碎的星光brkstar,祝大家新年快乐，新春大吉
2026-02-12,BV1hPctz7EJp,https://www.bilibili.com/video/BV1hPctz7EJp,杀戮尖塔—白夕Seal 26年2.5月录播合集,200,141.55,88770,698,119,83,152,白夕Seal,点点赞汪！点点赞谢谢汪！
2026-02-10,BV19SFUzVEgV,https://www.bilibili.com/video/BV19SFUzVEgV,杀戮尖塔—尖塔到底有多少BUG？浅谈二代是否会保留塔1“特性”！,1,0.11,140586,4921,337,706,406,白夕Seal,点点赞汪！点点赞谢谢汪！
2026-02-01,BV11L6CBYEt9,https://www.bilibili.com/video/BV11L6CBYEt9,杀戮尖塔—白夕Seal 26年2月录播合集,197,113.34,63579,657,103,84,128,白夕Seal,点点赞汪！点点赞谢谢汪！
2026-02-01,BV1so6nBKEyu,https://www.bilibili.com/video/BV1so6nBKEyu,杀戮尖塔—唯二输出卡双毒雾战弟勇！发育爆炸 残血当当当惊天翻盘！,1,1.7,44541,1258,175,108,182,白夕Seal,点点赞汪！点点赞谢谢汪！
2026-01-27,BV1SUzqBQE5j,https://www.bilibili.com/video/BV1SUzqBQE5j,杀戮尖塔—尖塔2最新改动！玩家：石！设计师：太强了，砍一半！,1,0.09,208317,5250,237,274,634,白夕Seal,点点赞汪！点点赞谢谢汪！
2026-01-26,BV13Dz8BME9P,https://www.bilibili.com/video/BV13Dz8BME9P,杀戮尖塔—连胜也能如此基米吗？看看人能被狗圈逼成什么区样子！,1,2.17,68689,2010,399,289,460,白夕Seal,点播要求开遗骸mod打连胜档，后面发现影响印牌随机数，所以这局不计连胜 /  / 点点赞汪！点点赞谢谢汪！
2026-01-23,BV1sezwBLE88,https://www.bilibili.com/video/BV1sezwBLE88,杀戮尖塔—鸡煲勇杯总决赛,5,3.06,90292,1683,332,217,266,白夕Seal,规则是a20限制每层一次sl的竞速比赛，感谢主办方@oldenter
2026-01-14,BV1gVrHBEEkr,https://www.bilibili.com/video/BV1gVrHBEEkr,月圆之夜—八年前玩的卡牌肉鸽，今天怎么样了？,1,0.09,41164,1010,93,78,184,白夕Seal,steam：月圆之夜
2026-01-12,BV1qvrbBjEtE,https://www.bilibili.com/video/BV1qvrbBjEtE,杀戮尖塔—鸡煲勇杯 赛事录播合集,87,45.3,203403,1859,356,347,632,白夕Seal,规则是a20限制每层一次sl次数的竞速比赛 / 感谢主办方@oldenter
2026-01-07,BV1hqquBzEo2,https://www.bilibili.com/video/BV1hqquBzEo2,杀戮尖塔—尖塔2新角色月报放出！用老机制玩新花样！但能看出官方已经在努力做差异化！,1,0.12,191005,4785,247,429,591,白夕Seal,点点赞汪！点点赞谢谢汪！
2026-01-02,BV1tgvdBoEHj,https://www.bilibili.com/video/BV1tgvdBoEHj,杀戮尖塔—2026年1月白夕Seal录播合集,196,128.82,101992,745,148,106,112,白夕Seal,点点赞汪！点点赞谢谢汪！ / 感谢豹白画的封面@秦晓月_姬恒   ！
2025-12-27,BV1BbB6BuEpk,https://www.bilibili.com/video/BV1BbB6BuEpk,杀戮尖塔—极度罕见一层金冠毒种机！绝境当当当35血战心脏！undo初显威！,1,3.96,67658,1796,278,219,288,白夕Seal,点点赞汪！点点赞谢谢汪！ / 2EN5V452HSGHM 点播要求开局选100
2025-12-22,BV1soq1BaEe1,https://www.bilibili.com/video/BV1soq1BaEe1,杀戮尖塔—2025白夕Seal12.6月录播合集,122,77.48,66101,597,101,84,95,白夕Seal,
2025-12-14,BV1XWmvB6EmZ,https://www.bilibili.com/video/BV1XWmvB6EmZ,杀戮尖塔—塔2最新新卡锐评！官方终于放有效内容了！,1,0.23,203962,5871,512,484,761,白夕Seal,点点赞汪！点点赞谢谢汪！
2025-12-09,BV1ap2SBCEUQ,https://www.bilibili.com/video/BV1ap2SBCEUQ,凛冬前线—取悦自己卡牌肉鸽录播合集,7,14.49,14003,452,68,51,49,白夕Seal,游戏名：凛冬前线
2025-12-03,BV1HjShB2EJr,https://www.bilibili.com/video/BV1HjShB2EJr,杀戮尖塔—2025白夕Seal12月录播合集,195,118.03,89893,653,106,85,114,白夕Seal,点点赞汪！点点赞谢谢汪！
2025-12-01,BV1GGSrBFECa,https://www.bilibili.com/video/BV1GGSrBFECa,杀戮尖塔—东南大学校内赛 绿耄杯 战士猎手决赛,8,4.13,64780,1130,92,155,132,白夕Seal,
2025-11-28,BV18XSjBREmw,https://www.bilibili.com/video/BV18XSjBREmw,凛冬前线—卡牌肉鸽新秀正式版发布！愿望单上挂了半年终于等到了！,1,1.88,18142,560,62,67,40,白夕Seal,游戏名：凛冬前线 发售价格：46.8元 / 玩法新颖，量大管饱，推荐大家尝试
2025-11-26,BV1okUyBGE6g,https://www.bilibili.com/video/BV1okUyBGE6g,杀戮尖塔—2025白夕Seal11.8月录播合集,81,47.38,42279,502,91,56,69,白夕Seal,点点赞汪！点点赞谢谢汪！
2025-11-25,BV1YbUCBAEZh,https://www.bilibili.com/video/BV1YbUCBAEZh,爱音也能看懂的《卡厄思梦境》新手向入坑教学,1,0.1,50324,1508,87,186,121,言力华,关注@白夕Seal  谢谢喵~
2025-11-14,BV1XQCwBqEQY,https://www.bilibili.com/video/BV1XQCwBqEQY,卡厄斯梦境—二次元爬塔手游录播合集！,18,36.92,18564,372,52,60,48,白夕Seal,游戏名：卡厄斯梦境 国际服 亚洲服 / 玩吧 多玩
2025-11-11,BV1W9kkBvEQY,https://www.bilibili.com/video/BV1W9kkBvEQY,杀戮尖塔—点评二代战士猎手新卡！设计疑似过于保守！,1,0.09,249357,5592,239,466,590,白夕Seal,点点赞汪！点点赞谢谢汪！
2025-11-06,BV1i42cB2EBJ,https://www.bilibili.com/video/BV1i42cB2EBJ,杀戮尖塔—突破历史！7小时蠕动毒种猎！,1,7.29,285688,5576,1081,1430,906,白夕Seal,下午没午睡，昨晚只睡了4小时 打到收藏家精力涣散了，喝了杯咖辉勉强苟住，种子后半水分较大，鉴定为含金量不如6小时机！ / 点点赞汪！点点赞谢谢汪！
2025-11-04,BV1MN16B3Emf,https://www.bilibili.com/video/BV1MN16B3Emf,白夕seal连线指导白日梦尖塔全过程梳理,1,0.1,97667,1986,163,289,570,我在非洲的前期,有阿姨突然搞了个家乡代言人活动，本不想连麦的，一直拒绝了十分钟，弹幕一直要求刷个连麦，毕竟对面也打了两个SC求一波指导，带个V宣传尖塔顺便指导，就是xbx在对面串的太多了整的活太多太密了。 /  / 过关上提督，（好多人觉得提督太贵，主要是海豹之前说的承诺的，总不能在这么多人面前不守信用吧，毕竟海豹算尖塔区里十万粉丝的前三了）提督最开始说的是进阶1怕打不过（别带） 感觉2局折磨观众就改成a0了。 /  / 最后对面女主播在豹指导下顺利NOSL通关A0，既在家乡代言人活动宣传了尖塔，也让观众们看到了楚南海豹的乐子，节目效果
2025-11-03,BV1aK1cBTEQg,https://www.bilibili.com/video/BV1aK1cBTEQg,杀戮尖塔—2025白夕Seal11月录播合集,200,126.09,102337,740,142,93,241,白夕Seal,点点赞汪！点点赞谢谢汪！
2025-11-01,BV1iK1jBpEXy,https://www.bilibili.com/video/BV1iK1jBpEXy,杀戮尖塔—塔2美少女新职业卡牌详解！机制丰富！但既视感有点强！,1,0.21,205770,5432,522,536,480,白夕Seal,点点赞汪！点点赞谢谢汪！
2025-10-26,BV1d3xPzQEHh,https://www.bilibili.com/video/BV1d3xPzQEHh,轮盘英雄—比赛本来想7万分摆烂但作者到我直播间督战这一块，到了半夜就拿出真本事！,1,0.05,28531,798,97,34,89,白夕Seal,点点赞汪！点点赞谢谢汪！ / 分数=（伤害分+护盾分+最大血量分+金币分）*难度*战斗轮次*羁绊数量*系数 / 打了2小时45分钟的一局 / 全局录播传送门 BV1bZWhz7EVn
2025-10-23,BV11WsqzZEAe,https://www.bilibili.com/video/BV11WsqzZEAe,卡厄思梦境—画风超精致的美少女版杀戮尖塔！竟然还把黑暗地牢压力条做成福利系统了？,1,0.06,26488,723,65,99,154,白夕Seal,游戏名：卡厄思梦境  / 推荐使用Kuyo加速器下载游玩！
2025-10-21,BV1RusTzdEFs,https://www.bilibili.com/video/BV1RusTzdEFs,杀戮尖塔—2025白夕Seal10.5月录播合集,138,83.82,69061,590,123,80,106,白夕Seal,点点赞汪！点点赞谢谢汪！
2025-10-18,BV1ivW4z2Emn,https://www.bilibili.com/video/BV1ivW4z2Emn,杀戮尖塔—干手冻蛋机器人！但一步一个诅咒！年度仙术局！这也能赢？,1,0.56,39902,1200,113,71,63,白夕Seal,点点赞汪！点点赞谢谢汪！
2025-10-16,BV1bZWhz7EVn,https://www.bilibili.com/video/BV1bZWhz7EVn,轮盘英雄—肉鸽佳作试玩！故障机器人玩幸运房东？？,4,7.15,23712,681,84,72,51,白夕Seal,点点赞汪！点点赞谢谢汪！游戏名：轮盘英雄 目前是免费demo  下旬发售
2025-10-14,BV1qB4Sz9E79,https://www.bilibili.com/video/BV1qB4Sz9E79,杀戮尖塔—酷炫领域展开mod！鸡煲虽然没强度！但是有特效啊！,1,0.32,45640,1252,107,106,95,白夕Seal,点点赞汪！点点赞谢谢汪！ / mod名：领域展开
2025-10-10,BV14dxrzjE9k,https://www.bilibili.com/video/BV14dxrzjE9k,杀戮尖塔—塔2跳票明年！锐评放出的新卡！作者最喜欢的卡竟是阿尔法不如？,1,0.13,139670,4306,295,279,510,白夕Seal,点点赞汪！点点赞谢谢汪！
2025-10-09,BV1UdxrzjEsu,https://www.bilibili.com/video/BV1UdxrzjEsu,【杀戮尖塔】肉鸽杯决赛表演赛：解说vs冠军！,2,1.44,69386,1544,181,119,161,zrj00123,
2025-10-09,BV1p2xkzGEkp,https://www.bilibili.com/video/BV1p2xkzGEkp,杀戮尖塔—a20观者速通偶遇精确对轴！出现两个321概率很低！但不为0！,1,0.19,65465,1524,137,114,136,白夕Seal,点点赞汪！点点赞谢谢汪！ / 规则是每层限一次sl的a20竞速
2025-10-06,BV1vexjzsEYZ,https://www.bilibili.com/video/BV1vexjzsEYZ,杀戮尖塔—盘点观者重做史！机制左右脑互搏最终数值代替思考的职业！（下）,1,0.17,99741,3129,224,200,314,白夕Seal,点点赞汪！点点赞谢谢汪！感谢xggg的旧视频BV1nJ411P7bF
2025-10-04,BV1shxszbExm,https://www.bilibili.com/video/BV1shxszbExm,杀戮尖塔—盘点观者重做史！机制左右脑互搏最终数值代替思考的职业！（上）,1,0.12,119765,3764,235,270,327,白夕Seal,点点赞汪！点点赞谢谢汪！感谢xggg的旧视频BV1nJ411P7bF
2025-10-03,BV1GjH3zoEYq,https://www.bilibili.com/video/BV1GjH3zoEYq,杀戮尖塔—2025白夕Seal10月录播合集,198,105.37,79052,666,105,92,104,白夕Seal,点点赞汪！点点赞谢谢汪！有部分豹白想看比赛弹幕，所以发一哈
2025-09-28,BV1SenRzgEai,https://www.bilibili.com/video/BV1SenRzgEai,【杀戮尖塔】rogue杯进阶二十竞速赛,72,32.59,184244,1830,343,320,376,破碎的星光brkstar,新的进阶二十竞速赛来啦，感谢主办方@zrj00123  的大力支持和选手们的积极参与！
2025-09-25,BV1BbnbzUEr4,https://www.bilibili.com/video/BV1BbnbzUEr4,杀戮尖塔—盘点战士加强史！唯一被制作组机制杀的职业！,1,0.16,154597,4395,322,413,383,白夕Seal,点点赞汪！点点赞谢谢汪！
2025-09-23,BV1y5JCzhE4c,https://www.bilibili.com/video/BV1y5JCzhE4c,杀戮尖塔—盘点猎手加强史！尖塔史上加强最大的职业？从路边半条到绿色观者！,1,0.15,128397,3695,217,325,248,白夕Seal,点点赞汪！点点赞谢谢汪！
2025-09-20,BV1U9pRz5Ezi,https://www.bilibili.com/video/BV1U9pRz5Ezi,杀戮尖塔—盘点机器人被削弱的神卡！鸡煲也曾不是搞笑职业！全盛形态的鸡煲到底长啥样?,1,0.13,132311,4340,236,308,422,白夕Seal,点点赞汪！点点赞谢谢汪！ / 部分移除卡wiki也未收录，包括0费预见4的重编程，产一球过一牌的猛机下山等
2025-09-18,BV1LqpazoE3v,https://www.bilibili.com/video/BV1LqpazoE3v,杀戮尖塔—2025白夕Seal9.5月录播合集,149,77.11,72342,629,102,75,113,白夕Seal,点点赞汪！点点赞谢谢汪！
2025-09-17,BV1uqpxzYEkx,https://www.bilibili.com/video/BV1uqpxzYEkx,寻找伪人—我真的分不清啊啊啊啊啊！白夕实况合集,7,10.22,36874,983,194,165,150,白夕Seal,游戏名：寻找伪人 非商单，纯瘾大 / 点点赞汪！点点赞谢谢汪！这几天中午下午播播
2025-09-17,BV1F7pUz1EcV,https://www.bilibili.com/video/BV1F7pUz1EcV,杀戮尖塔—多次豹毙后的桌游进阶9体验！开一键扫荡了！,1,2.56,31697,660,71,88,52,白夕Seal,桌游前后期分工还挺明确的，桌游把大部分无限都禁掉了，后期真得靠猎手大人 / 游戏名：steam的tabletop simulator 创意工坊搜杀戮尖塔桌游mod
2025-09-16,BV1GZp6zLEzT,https://www.bilibili.com/video/BV1GZp6zLEzT,丝之歌—以防你不知道钉刺机也能打断死亡收割...,1,0.06,59176,1500,91,45,170,白夕Seal,发区鼓励主播
2025-09-14,BV1XPpFzFERH,https://www.bilibili.com/video/BV1XPpFzFERH,杀戮尖塔—如果人类没有发明空调...静默猎手会？,1,0.09,37918,1329,75,47,159,白夕Seal,sl了10分钟就过了，我说空调完全毁了12abcd你能反驳吗？ / 不过讲真的通过这局局内又学会了新的小技巧！ / 前情提要BV1BcHrzJEFu
2025-09-14,BV178HZzeEoZ,https://www.bilibili.com/video/BV178HZzeEoZ,尖塔桌游—机器人＞＞观者！我怎么会做这样的梦！,1,5.62,47775,1499,148,210,110,白夕Seal,steam：the table simulator  创意工坊搜杀戮尖塔桌游mod / 我说最高进阶13难的不像人
2025-09-12,BV1BcHrzJEFu,https://www.bilibili.com/video/BV1BcHrzJEFu,"杀戮尖塔—像空调这样的奢侈品摧毁了12abcd。因为有空调,所以他们拿起遥控器,他们无法听到豹毙的到来",1,0.4,115069,2546,188,216,370,白夕Seal,孩子们，静默猎手真的有黑利期！！！ / 上次豹毙是去年3月猎手第103连爽种忘钥匙：BV1nC411p7TL     P17   / 中间没再断过，这局应该算广义第398连胜，基本一定能赢，晚点复刻种子单发通过的的世界线出来
2025-09-10,BV1GbHSzAEf3,https://www.bilibili.com/video/BV1GbHSzAEf3,爱音也能看懂的尖塔调牌序教学,1,0.1,74760,4456,370,1122,215,言力华,关注@白夕Seal  谢谢喵~
2025-09-10,BV19FHUzAE19,https://www.bilibili.com/video/BV19FHUzAE19,尖塔救援—6.xbx：绝望牢头，过了就当豹白苞米！豹豹：豹白＞丝之歌！,1,0.33,36464,1513,151,58,99,白夕Seal,点点赞汪！点点赞谢谢汪！
2025-09-05,BV1Y5a8zTEuV,https://www.bilibili.com/video/BV1Y5a8zTEuV,丝之歌—前世五门高手，重活一世竟拿到菜农剧本？实况合集（完结）,19,54.74,46086,1083,129,161,146,白夕Seal,点点赞！点点赞谢谢汪！
2025-09-04,BV1XAa2zUEjj,https://www.bilibili.com/video/BV1XAa2zUEjj,尖塔救援—5.xbx：爆发强大，但太不持久了！豹豹：药物治疗！,1,0.24,44980,1538,152,73,125,白夕Seal,点点赞汪！点点赞谢谢汪！
2025-09-02,BV1H2awzrE6z,https://www.bilibili.com/video/BV1H2awzrE6z,尖塔救援—4.xbx：我打的全错！豹豹：你打的全对！但是对金字塔爹不孝＜一切！,1,0.17,44671,1689,174,123,195,白夕Seal,点点赞汪！点点赞谢谢汪！ / 补一个解析：纸鹤无人工药吃心脏三刀40+15+28=83 / 人工+删牌三刀33+15+35=83  / 伤害没区别，白亏一删 / 下注敲了有机会一回合过穿牌库保证中和覆盖，敲中和才是全错
2025-08-31,BV1gvhCzTEjW,https://www.bilibili.com/video/BV1gvhCzTEjW,尖塔救援—3.xbx：卡组太小卡我华丽了！豹豹：数学这一块害得加强！,1,0.16,36635,1574,193,106,123,白夕Seal,点点赞汪！点点赞谢谢汪！
2025-08-29,BV1ZvhQzuEdT,https://www.bilibili.com/video/BV1ZvhQzuEdT,杀戮尖塔—2025白夕Seal9月录播合集,195,118.72,94086,748,123,100,110,白夕Seal,点点赞汪！点点赞谢谢汪！
2025-08-29,BV1BvhQzuEKa,https://www.bilibili.com/video/BV1BvhQzuEKa,尖塔救援—2.xbx：牢头好蓝玩！心脏好蓝玩！豹豹：区区绝境，看看豹如何轻松化解！,1,0.37,26058,1246,190,60,131,白夕Seal,点点赞汪！点点赞谢谢汪！七夕快乐！ / 感谢@最简单的抛物线 以及@。投稿的存档 记得私信主播领取红豹
2025-08-28,BV1NSh1zvEH9,https://www.bilibili.com/video/BV1NSh1zvEH9,尖塔救援—1.xbx：萌新矛盾血入！心脏sl一小时！ 豹豹：机器人也能如此转转吗？,1,0.28,37381,1884,337,143,188,白夕Seal,感谢@sjeind 的投稿，记得私信主播领红豹。点点赞汪！点点赞谢谢汪！ 以及不知道要不要保留bgm鸭
2025-08-26,BV1HVvPzXEwp,https://www.bilibili.com/video/BV1HVvPzXEwp,七日世界禁区—下次打游戏最好不要让主播开车...,1,0.09,6092,366,48,8,17,白夕Seal,游戏名：七日世界 禁区
2025-08-26,BV1jsvPzLEHb,https://www.bilibili.com/video/BV1jsvPzLEHb,杀戮尖塔—中国語は不安です,1,0.39,47623,1476,114,122,183,白夕Seal,点点赞汪！点点赞谢谢汪！
2025-08-23,BV1XjeYzJEeS,https://www.bilibili.com/video/BV1XjeYzJEeS,杀戮尖塔—机器人圆梦300连！机黑说话！,1,1.13,122508,3407,480,372,516,白夕Seal,省流：mohumohu / 合集传送：av115028535544922
2025-08-22,BV1eyYRz2EDh,https://www.bilibili.com/video/BV1eyYRz2EDh,蠕行的恐惧：克苏鲁选—只会侦探突突枪！肘击古神的来了！,1,1.17,8957,469,56,37,33,白夕Seal,游戏名：蠕行的恐惧：克苏鲁选集
2025-08-21,BV13WYQzeE5M,https://www.bilibili.com/video/BV13WYQzeE5M,杀戮尖塔—典中典之最能骗弹幕的问题！详解冰寒裂变电双敲不敲！,1,0.1,129246,4220,235,387,710,白夕Seal,点点赞汪！点点赞谢谢汪！
2025-08-19,BV1wweAzEECs,https://www.bilibili.com/video/BV1wweAzEECs,杀戮尖塔—萌新必修！详解一层路线选择！精英和火堆谁更重要？,1,0.15,178023,5988,620,1335,426,白夕Seal,点点赞汪！点点赞谢谢汪！
2025-08-18,BV1rzY4zjEYt,https://www.bilibili.com/video/BV1rzY4zjEYt,杀戮尖塔—开局选项怎么选？普通遗物和一组无色蓝谁更好？,1,0.17,182195,5408,407,979,653,白夕Seal,默认个人习惯不sl开局选项 / 点点赞汪！点点赞谢谢汪！
2025-08-17,BV1inYyzpEiv,https://www.bilibili.com/video/BV1inYyzpEiv,杀戮尖塔—中华兄贵又一力作！买内切来删的概率很低！但绝不是零！,1,0.62,84046,2137,159,150,258,白夕Seal,保留我的防御防个复制吧。
2025-08-15,BV1TVbjzSErB,https://www.bilibili.com/video/BV1TVbjzSErB,杀戮尖塔—故障机器人冲刺300连胜合集！hui赢的！,53,41.71,117315,1558,269,569,293,白夕Seal,点点赞汪！点点赞谢谢汪！ / sl局连胜，默认不sl开局 / 累计51局平均每局用时49分钟
2025-08-14,BV1Vibvz2EyX,https://www.bilibili.com/video/BV1Vibvz2EyX,七日世界禁区—开疆拓土学不会，那就爱会白子吧~,1,0.13,5706,332,23,8,29,白夕Seal,游戏名：七日世界 禁区 / 联机群：1014827039
2025-08-12,BV1yctRzEEJi,https://www.bilibili.com/video/BV1yctRzEEJi,杀戮尖塔—2025以来最毒机！这冰冷的世界，唯有123还有一丝温度！,1,2.88,81766,2326,345,416,313,白夕Seal,点点赞汪！点点赞谢谢汪！
2025-08-08,BV19htmzyE45,https://www.bilibili.com/video/BV19htmzyE45,杀戮尖塔—12000小时萌新，但第一次玩尖塔！尖塔桌游开箱介绍！,1,0.11,175925,5194,311,793,615,白夕Seal,点点赞汪！点点赞谢谢汪！
2025-08-03,BV1YnhtzhEWx,https://www.bilibili.com/video/BV1YnhtzhEWx,七日世界-禁区：自闭内敛社恐豹玩生存大逃杀！豹黑太多了！,12,27.3,10523,508,52,24,57,白夕Seal,游戏名：七日世界 禁区是个PVP模式，装备全部要靠捡垃圾和手搓 /  / 主播名：菜豹来啦  / 孩子们我已经豹毙了！
2025-08-03,BV1XnhtzhEvV,https://www.bilibili.com/video/BV1XnhtzhEvV,杀戮尖塔—2025白夕Seal8月录播合集,200,118.82,105428,685,126,119,76,白夕Seal,点点赞汪！点点赞谢谢汪！
2025-08-01,BV1vNhHz7Eiv,https://www.bilibili.com/video/BV1vNhHz7Eiv,杀戮尖塔—香炉怎么卡？蛇眼怎么用？再也不要怕一手3费！,1,0.13,98690,3726,323,783,293,白夕Seal,点点赞汪！点点赞谢谢汪！
2025-07-26,BV1ZL8WzsEsw,https://www.bilibili.com/video/BV1ZL8WzsEsw,杀戮尖塔—机器人给观者送礼物了！什么？？礼物是5层Ai？?,1,0.56,40802,1348,115,74,138,白夕Seal,点点赞汪！点点赞谢谢汪！
2025-07-25,BV1MhbfzMEwi,https://www.bilibili.com/video/BV1MhbfzMEwi,杀戮尖塔—算算命，算算豹命！,5,2.61,41527,1177,93,83,121,白夕Seal,点点赞汪！点点赞谢谢汪！
2025-07-24,BV1bJbCz8EhG,https://www.bilibili.com/video/BV1bJbCz8EhG,杀戮尖塔—机器人观者商店遗物购买率统计！会员卡已经不是第一遗物了？,1,0.11,85049,2899,258,226,244,白夕Seal,点点赞汪！点点赞谢谢汪！
2025-07-23,BV18m8FzLEdD,https://www.bilibili.com/video/BV18m8FzLEdD,杀戮尖塔—战士商店遗物购买率统计！平均181局买一次树枝？？？,1,0.17,108501,4289,461,376,390,白夕Seal,点点赞汪！点点赞谢谢汪！
2025-07-18,BV1DsguzWEUR,https://www.bilibili.com/video/BV1DsguzWEUR,杀戮尖塔—2025白夕Seal7.5月录播合集,151,91.72,85503,763,105,93,141,白夕Seal,点点赞汪！点点赞谢谢汪！
2025-07-14,BV12GuizpEdX,https://www.bilibili.com/video/BV12GuizpEdX,杀戮尖塔—结茧羽化谁更强？乱战其实是垃圾？无色卡池解析！,1,0.18,147612,5270,433,536,426,白夕Seal,点点赞汪！点点赞谢谢汪！
2025-07-04,BV1ry3LzZEib,https://www.bilibili.com/video/BV1ry3LzZEib,杀戮尖塔—晚尖食堂：4.有故障的机器人是输不了的游戏！,1,0.06,37758,2413,388,139,170,白夕Seal,点赞汪！点点赞汪！ / 感谢剪辑豹白@qy-祈语  ！
2025-07-03,BV1DR3uzdETM,https://www.bilibili.com/video/BV1DR3uzdETM,杀戮尖塔—如何双持养仪式匕首？加速模式竟然会减速游戏！塔2发布在即，但冷知识特别篇！,1,0.08,51750,2490,161,177,123,白夕Seal,点点赞汪！点点赞谢谢汪！
2025-07-01,BV1Scg6zgEdt,https://www.bilibili.com/video/BV1Scg6zgEdt,杀戮尖塔—2025白夕Seal7月录播合集,192,114.5,93209,660,80,102,106,白夕Seal,点点赞汪！点点赞谢谢汪！
2025-06-29,BV1J5goziEcT,https://www.bilibili.com/video/BV1J5goziEcT,杀戮尖塔—复制一张防御被人唠一辈子！问号全是复制神龛怎么不开心呢？阴穿间烂，会赢吗？,1,0.74,87252,2371,173,160,221,白夕Seal,点点赞汪！点点赞谢谢汪！ / 前情提要 BV17fKuzxE1k
2025-06-27,BV1cnKizTEgy,https://www.bilibili.com/video/BV1cnKizTEgy,杀戮尖塔—采访制作组！塔2情报披露总结！,1,0.07,87287,3165,244,276,389,白夕Seal,点点赞汪！点点赞谢谢汪！
2025-06-25,BV1vyKHzWEXj,https://www.bilibili.com/video/BV1vyKHzWEXj,杀戮尖塔—万小时玩家纯净数据统计！谁才是干精英高手？每层你会走多少火堆？问号？,1,0.12,110341,3372,298,316,288,白夕Seal,mod创意工坊搜：对局记录统计，可以对比看看自己的情况 / 点点赞汪！点点赞谢谢汪！
2025-06-25,BV1dfKEzjEf4,https://www.bilibili.com/video/BV1dfKEzjEf4,第六届猫粮杯冠军表演赛（中英双语）,4,1.63,76502,1723,187,166,178,爱丽丝拉斐尔_Official,总之，先把完赛发了，晚点或者明儿把总结和QA发了 / 感谢制作组，感谢冠军@_王佐文若  ，和解说台的大家伙！ / 记得点点关注
2025-06-23,BV195Kxz8E8c,https://www.bilibili.com/video/BV195Kxz8E8c,【杀戮尖塔猫粮杯6】决赛,8,2.48,87095,1393,187,124,160,破碎的星光brkstar,猫粮杯6顺利完赛啦，感谢主办方@爱丽丝拉斐尔_Official  ，解说@陈哥1  @破碎的星光brkstar  @白夕Seal  @CS青木  @压扁瓜  ，导播@闲知間知  ，也感谢选手的参与和观众的支持。
2025-06-17,BV1qnNqzwEso,https://www.bilibili.com/video/BV1qnNqzwEso,杀戮尖塔—诅咒钥匙退居二线？风筝没你想的那么简单？600局猎手连胜纯净数据分析！,1,0.13,90241,2968,219,269,397,白夕Seal,点点赞汪！点点赞谢谢汪！
2025-06-15,BV1gAMtzeEx1,https://www.bilibili.com/video/BV1gAMtzeEx1,杀戮尖塔—鸡煲竟是优质遗物率更高的红利职业？600局鸡煲连胜纯净数据分析！,1,0.14,79583,3058,313,250,350,白夕Seal,点点赞汪！点点赞谢谢汪！
2025-06-14,BV1XaM2zxEKJ,https://www.bilibili.com/video/BV1XaM2zxEKJ,杀戮尖塔—铃铛也能得MVP！潘多拉只是躺赢狗？800局战士连胜纯净数据分析！摸底一层Boss遗物！,1,0.11,71351,2517,239,216,316,白夕Seal,点点赞汪！点点赞谢谢汪！ / 悲报，柔情猫娘被无形的大手拿下，勒令整改，下个月才有望回归！
2025-06-08,BV18zTQzAEGB,https://www.bilibili.com/video/BV18zTQzAEGB,杀戮尖塔—危险生物见闻录之：2.三奴隶贩子~,1,0.03,280829,8615,711,712,598,白夕Seal,招到了 / 感谢剪辑豹白@qy-祈语
2025-06-07,BV1kATVzVE9G,https://www.bilibili.com/video/BV1kATVzVE9G,杀戮尖塔—2025猫粮杯比赛二台录播合集,71,22.91,71940,807,88,99,118,白夕Seal,比赛规则基础为a15的竞速比赛，有职业ban选和每局ban卡规则，ban卡在双方游戏中都不会出现。 / 额外增加转盘规则，每局游戏会在7种特效种随机抽取。
2025-06-06,BV1MsTuzCEZs,https://www.bilibili.com/video/BV1MsTuzCEZs,杀戮尖塔—探秘xbx真的菜吗？那真还挺菜的！,1,0.16,108586,3265,204,235,655,白夕Seal,点点赞汪！点点赞谢谢汪！
2025-06-04,BV1nF78z2EXt,https://www.bilibili.com/video/BV1nF78z2EXt,杀戮尖塔—2025白夕Seal6月录播合集,200,108.49,130648,840,131,121,200,白夕Seal,点点赞汪！点点赞谢谢汪！
2025-05-31,BV19t7PzhEiB,https://www.bilibili.com/video/BV19t7PzhEiB,杀戮尖塔—尖塔2今年要出了还有新发现？2025尖塔冷知识特别篇！,1,0.09,127933,5429,250,576,338,白夕Seal,点点赞汪！点点赞谢谢汪！
2025-05-28,BV11YjvzvEJZ,https://www.bilibili.com/video/BV11YjvzvEJZ,杀戮尖塔—2025白夕Seal5.84月录播合集,68,31.56,43454,469,75,55,42,白夕Seal,点点赞汪！点点赞谢谢汪！
2025-05-24,BV14EjbzDEPm,https://www.bilibili.com/video/BV14EjbzDEPm,【杀戮尖塔】第六届杀戮尖塔猫粮杯PV,1,0.03,94699,4374,630,239,263,破碎的星光brkstar,第六届猫粮杯来啦
2025-05-21,BV1ysJBzEEkW,https://www.bilibili.com/video/BV1ysJBzEEkW,杀戮尖塔—1万小时和萌新时期理解变化最大的卡有哪些？这次是真的思路清奇！,1,0.12,281734,8960,933,1294,472,白夕Seal,点点赞汪！点点赞谢谢汪！
2025-05-21,BV1xFJqz2E1a,https://www.bilibili.com/video/BV1xFJqz2E1a,杀戮尖塔—198连胜到200连胜需要打几局？感动尖塔卓越人物：故障机器人！,17,12.58,86828,1684,229,236,191,白夕Seal,上次198连胜于2023年五月豹毙于豹黑邪咒，时隔两年！鸡煲重回陆地神仙境！
2025-05-16,BV1i8ExzYEyY,https://www.bilibili.com/video/BV1i8ExzYEyY,杀戮尖塔—修炼万小时已经不需要视力了！隐藏信息mod证明食力！,1,0.49,382741,10756,1404,1814,529,白夕Seal,mod名：hidden information / 点点赞汪！点点赞谢谢汪！
2025-05-05,BV1EpViznEtN,https://www.bilibili.com/video/BV1EpViznEtN,杀戮尖塔—2025白夕Seal5月录播合集,194,111.36,117170,843,158,132,101,白夕Seal,点点赞汪！点点赞谢谢汪！窝瓜杯比赛录播移步比赛合集！
2025-05-04,BV1CGVwzFEat,https://www.bilibili.com/video/BV1CGVwzFEat,杀戮尖塔—萌新常见局内操作易错题扫盲！,1,0.11,293536,8439,834,2098,602,白夕Seal,点点赞汪！点点赞谢谢汪！
2025-04-29,BV1KGGCz7EjA,https://www.bilibili.com/video/BV1KGGCz7EjA,杀戮尖塔—在尖塔当忍者！待我磨刀杀他去一刀一刀燃烧刀一直切黑字斩！,1,0.93,100926,2519,384,438,245,白夕Seal,点点赞汪！点点赞谢谢汪！ / BV1QwduYZED5 / 蕾忍mod另外两集在4.33月录播26号，从头翻很好找
2025-04-27,BV1hULRzAEkD,https://www.bilibili.com/video/BV1hULRzAEkD,【杀戮尖塔】窝瓜杯竞速赛合集,66,31.76,239443,2004,477,327,307,破碎的星光brkstar,进阶二十竞速赛，具体规则可以在主办方@压扁瓜  的动态查看，关注一下主办方@压扁瓜  谢谢喵
2025-04-26,BV1u2LXzdE9p,https://www.bilibili.com/video/BV1u2LXzdE9p,杀戮尖塔—2025窝瓜杯比赛合集白夕视角,68,31.62,96411,1371,157,126,99,白夕Seal,感谢主办方@压扁瓜   / 比赛规则为a20每层限一次sl的竞速挑战，碎心可以选择给对手塞诅咒或给自己减时或给自己塞涅奥的悲恸
2025-04-19,BV1gN5WzMEqd,https://www.bilibili.com/video/BV1gN5WzMEqd,杀戮尖塔—无敌者mod合集 最有节目效果的一集！,2,0.69,141682,1909,113,524,154,白夕Seal,点点赞汪！点点赞谢谢汪！
2025-04-15,BV1wZopYQEPT,https://www.bilibili.com/video/BV1wZopYQEPT,杀戮尖塔—神人mod之无敌者：胜利目标是让白夕Seal豹毙！,1,1.18,262080,3990,202,1523,259,白夕Seal,如果白夕Seal豹毙了，算白夕Seal赢了 / 如果白夕Seal没豹毙，算白夕Seal赢了 / Mod名：无敌者
2025-04-13,BV172dBYHEuV,https://www.bilibili.com/video/BV172dBYHEuV,杀戮尖塔—从小萌新到万小时牢白夕理解成长在哪？局内思路篇！,1,0.12,193060,6630,1108,1241,401,白夕Seal,点点赞汪！点点赞谢谢汪！
2025-04-10,BV1QwduYZED5,https://www.bilibili.com/video/BV1QwduYZED5,杀戮尖塔—2025白夕Seal4.333月录播合集,200,106.14,106357,642,126,98,66,白夕Seal,录播又不知道为啥限流了，闹麻重发
2025-04-03,BV1X5fwY7EeP,https://www.bilibili.com/video/BV1X5fwY7EeP,杀戮尖塔—2025白夕Seal4月录播合集,66,41.63,51972,567,90,61,86,白夕Seal,
2025-03-30,BV1eKZqY2EN2,https://www.bilibili.com/video/BV1eKZqY2EN2,杀戮尖塔—我说4级真的简单你二龙吗？神人mod之英语46级,1,0.85,120543,2922,184,400,288,白夕Seal,点点赞汪！点点赞谢谢汪！
2025-03-30,BV185ZqY3Eev,https://www.bilibili.com/video/BV185ZqY3Eev,杀戮尖塔—尖塔圈反复传来喜讯！菜豹来辣mod合集！,15,9.76,53531,1373,108,150,60,白夕Seal,闹麻先留  故重发 / MOD：创意工坊搜SealMod / 其他部分BV1mQZgYcEze
2025-03-27,BV1mQZgYcEze,https://www.bilibili.com/video/BV1mQZgYcEze,杀戮尖塔—尖塔圈传来喜讯！菜豹来辣mod合集！,5,5.02,63016,1815,302,280,151,白夕Seal,创意工坊搜索：SealMod / 感谢mod作者@乐园の主义   / 我说你就是个豹白你能反驳吗？ / 手绘图图有点可爱了！
2025-03-24,BV1cqXbYdE7x,https://www.bilibili.com/video/BV1cqXbYdE7x,杀戮尖塔—2025白夕Seal3.74月录播合集,94,49.78,59685,622,94,55,107,白夕Seal,
2025-03-20,BV16UXcYCEBN,https://www.bilibili.com/video/BV16UXcYCEBN,杀戮尖塔—有个职业差点豹毙，还半个卡组都是能力，还能凭空印出能力，你知道是谁~,1,0.7,43249,1222,104,63,63,白夕Seal,点点赞汪！点点赞谢谢汪！
2025-03-19,BV1UZQXYvEKm,https://www.bilibili.com/video/BV1UZQXYvEKm,杀戮尖塔—开局10交锋+狗X发牌！最后碎三心！这还是人类吗？？？,1,0.66,68590,1962,263,175,123,白夕Seal,点点赞汪！点点赞谢谢汪！
2025-03-18,BV1USX3YXErL,https://www.bilibili.com/video/BV1USX3YXErL,杀戮尖塔—粉丝：小伙伴和我都豹毙了！豹豹：是谁拥有沮爹的过牌量和沙摩柯的过牌质量？,2,1.55,26172,751,71,38,63,白夕Seal,点点赞汪！点点赞谢谢汪！ / 像沮授一样过牌，像沙摩柯一样弃牌
2025-03-17,BV1f4QqY6EpC,https://www.bilibili.com/video/BV1f4QqY6EpC,杀戮尖塔—粉丝：打不过！豹豹：抛开三费没过牌不论，删2爽种！,1,1.05,31547,977,122,52,147,白夕Seal,
2025-03-12,BV1oRQ7YSEoJ,https://www.bilibili.com/video/BV1oRQ7YSEoJ,杀戮尖塔—连胜毒蛋爽种给红面具尽孝！每5000小时的罕见事件！,1,1.03,53196,1291,115,80,227,白夕Seal,点点赞汪！点点赞谢谢汪！
2025-03-08,BV1JQ9XY4EHG,https://www.bilibili.com/video/BV1JQ9XY4EHG,杀戮尖塔—豹黑：观者删2爽种！ 豹豹：一共只删3全对对对！,1,1.13,45657,1176,93,84,174,白夕Seal,点点赞汪！点点赞谢谢汪！
2025-03-07,BV1GQ9yYsEua,https://www.bilibili.com/video/BV1GQ9yYsEua,你和豹豹差别在哪？万小时观者抓牌分析！自带半个金冠的弱势职业！,1,0.24,348935,7899,886,1606,863,白夕Seal,sl局观者连胜抓率分享 / 统计mod名：sts metrics / 点点赞汪！点点赞谢谢汪！
2025-03-02,BV1N5XRYqEXj,https://www.bilibili.com/video/BV1N5XRYqEXj,杀戮尖塔—2025白夕Seal3月录播合集,197,114.86,111001,771,122,101,64,白夕Seal,点点赞汪！点点赞谢谢汪！
2025-02-27,BV1epPEeyEyq,https://www.bilibili.com/video/BV1epPEeyEyq,杀戮尖塔—杀戮尖塔—2025白夕Seal2.5月录播合集（被隐藏）,40,20.31,32616,482,64,39,68,白夕Seal,点点赞汪！点点赞谢谢汪！
2025-02-27,BV1YtPEe3Ec7,https://www.bilibili.com/video/BV1YtPEe3Ec7,杀戮尖塔—机器人后又一力作！25只怪单杂技过牌猎！时长再次说明一切！,1,5.22,21214,791,228,121,166,白夕Seal,25只怪选牌+星系仪5选+一二层boss2选   把麻当成一个点，闹麻就是拍点点，拍就完事了！ / 点点赞汪！点点赞谢谢汪！ / 重温6小时机器人 BV1km411673B
2025-02-26,BV1b2PVe9E5w,https://www.bilibili.com/video/BV1b2PVe9E5w,杀戮尖塔—尖塔最废超能力之：吸血！但下回合全吐了！多吐少也不补！,1,0.57,48758,1256,114,73,122,白夕Seal,点点赞汪！点点赞谢谢汪！
2025-02-25,BV1v4PaeJEMc,https://www.bilibili.com/video/BV1v4PaeJEMc,杀戮尖塔—司辰mod试玩！又玉又有输输！,1,0.67,91810,1660,66,515,122,白夕Seal,mod名：司辰 / 因为录制bug重传一下 / 作者@莱茵人偶-零三型   / 点点赞汪！点点赞谢谢汪！
2025-02-25,BV1J7PaexEsJ,https://www.bilibili.com/video/BV1J7PaexEsJ,杀戮尖塔—输错种子结果若出剧毒种？矛盾血入40血幽魂药！豹豹：胜利会带回山东的！,1,2.21,54956,1429,139,223,110,白夕Seal,点点赞汪！点点赞谢谢汪！
2025-02-17,BV1DWwoe6Egh,https://www.bilibili.com/video/BV1DWwoe6Egh,你和豹豹差别在哪？万小时猎手抓牌分析！特色的防御和运转篇！,1,0.18,228667,6081,1082,879,604,白夕Seal,sl局猎手连胜抓率分享 / 统计mod名：sts metrics / 点点赞汪！点点赞谢谢汪！
2025-02-12,BV13YNBeYE9y,https://www.bilibili.com/video/BV13YNBeYE9y,你和豹豹差别在哪？万小时猎手抓牌分析！两极分化的猎手攻击牌！,1,0.22,368391,8000,1239,1682,636,白夕Seal,sl局猎手连胜抓率分享 / 统计mod名：sts metrics / 点点赞汪！点点赞谢谢汪！
2025-02-10,BV1gcN9e6Eyi,https://www.bilibili.com/video/BV1gcN9e6Eyi,杀戮尖塔—种子号也有塔学？死灵种子揭秘！这是人类能写出来代码？,1,0.06,93898,3087,346,281,183,白夕Seal,点点赞汪！点点赞谢谢汪！
2025-02-10,BV1cpN9exELc,https://www.bilibili.com/video/BV1cpN9exELc,杀戮尖塔—第五届每周日豹杯！赛事不大，创造神话！,10,7.06,155957,1784,205,227,598,白夕Seal,比赛规则是nosl但是可以在限时内若种的竞速比赛 / 死灵种子解释：BV1gcN9e6Eyi / 省流：P1:棱镜竞速a20一命通关 / P2:举手四目加罚下 / P3:偶遇万小时未遇死灵种子，无法逃脱 / P4:和心脏同归于尽一步败北 / P5:农种遭遇树枝陷阱 灵体孩舅精神解毒 / P6:真爽种花式豹毙+交锋卡坚毅卡交锋卡坚毅 / 另一位解说是孩舅那个@菜农来辣   / 点点赞汪！点点赞谢谢汪！
2025-02-05,BV1WhPyeNEto,https://www.bilibili.com/video/BV1WhPyeNEto,杀戮尖塔—2025年让随机数再次伟大！第一次讲清帧率随机数运作原理！,1,0.11,45918,2208,476,368,209,白夕Seal,对实战没太大价值，也许可以节约一点点sl时间 / 萌新看这个 BV1pL4y1L7jX / 感谢@超帕味棉花糖  的随机数预览mod，创意工坊搜随机数就能找到 / 点点赞汪！点点赞谢谢汪！
2025-02-03,BV1sxP9e8EEa,https://www.bilibili.com/video/BV1sxP9e8EEa,杀戮尖塔—2025白夕Seal2月录播合集,196,144.55,119780,850,173,108,109,白夕Seal,点点赞汪！点点赞谢谢汪！ / BV1epPEeyEyq 25号往后录播 / 比赛录播看空间单发 / 近日b站抽风，录播无法切割，过几天看看 / 感谢@我在非洲的前期  的封面汪！
2025-02-03,BV1N9FCedEzF,https://www.bilibili.com/video/BV1N9FCedEzF,杀戮尖塔—兔杯冠军赛！极限87分钟nosl碎3心！,2,1.46,101163,2545,937,562,421,白夕Seal,ro粮杯过去了，但只若了一把种子，真得判负！ / 点点赞汪！点点赞谢谢汪！
2025-01-30,BV1YAFVeEEax,https://www.bilibili.com/video/BV1YAFVeEEax,杀戮尖塔—ro粮杯 兔杯录播合集！,2,0.77,45911,1401,379,111,358,白夕Seal,比赛规则是取10个白嫖开的种子，在90分钟内取碎心的一次成绩的竞速比赛 / 主办方@不喜欢吃香菜的兔子O_o   / 把种子看成一个点，若种就是拍点点，拍就完事了噶人们
2025-01-28,BV1fxFpeWEoq,https://www.bilibili.com/video/BV1fxFpeWEoq,杀戮尖塔—什么是拍点点？哈基豹舍身询问古神，如今大脑褶皱已如玻璃般光滑！,1,0.03,73739,1979,209,192,245,白夕Seal,所以现在看到什么都是点点什么都可以拍点点拍就完事了
2025-01-25,BV1FqfRYVEHX,https://www.bilibili.com/video/BV1FqfRYVEHX,杀戮尖塔—2025年还有尖塔萌新？最近的萌新都在问啥？,1,0.08,200948,5928,405,861,536,白夕Seal,终于找到地方用乳机素材了，回答了一下最近直播经常见到的一些问题~ / 点点赞汪！点点赞谢谢汪！
2025-01-24,BV1PffjYyEaP,https://www.bilibili.com/video/BV1PffjYyEaP,40斤食肉猛兽生擒猎物威胁逼迫两脚兽就范实录,1,0.01,29620,1420,98,39,185,白夕Seal,"修勾叫豹豹，现在9个月大的公史宾格，非常懦，纯懦米豹。 / 当时外面麻麻和姥姥在吃饭，不允许小狗上桌所以先关主播屋里，但是小狗碰到这种情况就会叼着玩具嘤嘤嘤装可怜要出去讨好吃的。 / 今天早晨带修勾出去溜溜，然后出门就夹着尾巴，狗绳一不小心脱手直接带着狗链握把当流星锤飞奔往家跑，一路跑一路被流星锤吓的到处飚料，纯一条洒水车 ,回家直接洗澡了  懦！"
2025-01-22,BV1mVf8YQEy9,https://www.bilibili.com/video/BV1mVf8YQEy9,杀戮尖塔—2025白夕Seal1.64月录播合集,106,63.13,67496,654,134,74,80,白夕Seal,点点赞汪！点点赞谢谢汪！
2025-01-12,BV17Ec3eWE8k,https://www.bilibili.com/video/BV17Ec3eWE8k,你和豹豹差别在哪？万小时鸡煲抓牌分析！第二期！什么牌能做到一次不抓？,1,0.21,197414,4552,813,641,478,白夕Seal,点点赞汪！点点赞谢谢汪！本视频为sl连胜环境下机器人抓牌率分享！ /  / 统计mod名：sts metrics /  / 没想到吧，答案根本不在封面！
2025-01-03,BV1E56mYgExY,https://www.bilibili.com/video/BV1E56mYgExY,杀戮尖塔—2025白夕Seal1月录播合集！,197,110.12,114751,750,160,101,122,白夕Seal,点点赞汪！点点赞谢谢汪！
2024-12-29,BV1U66bYzEkG,https://www.bilibili.com/video/BV1U66bYzEkG,杀戮尖塔—你和豹豹差别在哪？万小时鸡煲抓牌分析！第一期,1,0.17,244018,7368,1472,1075,450,白夕Seal,点点赞汪！点点赞谢谢汪！本视频为sl连胜环境下机器人抓牌率分享！ /  / 之前版本后半段视频在大家的统计数据配图上对轴晚了4秒！十分抱歉！已经更换正确源！ /  / 我说上一期视频点赞没到3000 结果第一期随便开坑的到3000了毫无基米精神！ / 统计mod名：sts metrics
2024-12-24,BV1zNCEYeEgY,https://www.bilibili.com/video/BV1zNCEYeEgY,杀戮尖塔—白夕Seal12.5月录播合集！,112,68.46,65516,497,104,60,68,白夕Seal,点点赞汪！点点赞谢谢汪！
2024-12-18,BV174kFYCEsy,https://www.bilibili.com/video/BV174kFYCEsy,蠕行的恐惧：克苏鲁选集—机枪扫射？菜刀砍头？克苏鲁：？,1,0.86,28273,627,65,73,70,白夕Seal,steam名称：蠕行的恐惧：克苏鲁选集 / 正式版更新了不少内容，现在把结局打出来啦！扫射太豪丸辣！
2024-12-17,BV1x1kEYVEBL,https://www.bilibili.com/video/BV1x1kEYVEBL,杀戮尖塔—你和豹豹差别在哪？万小时战士抓牌分析！最强蓝卡究竟是谁？,1,0.15,242938,5007,708,882,403,白夕Seal,"好久没做视频了噶人们，2天有点紧，上午才勉强肝出来了 / 现在做视频没有商单,B站也没有激励啦~ 如果大家喜欢一定记得点点赞汪！ / 点赞过3000，3天内更新下期！ /  / 以及如果想问灼热，334x0.3%=只拿了一次，然后差点神化开豹毙！ /  / 统计mod： 本地：sts metrics local / 联网云：sts metrics / 感谢作者@炮炮越  的帮助！"
2024-12-14,BV16QBGYgEQQ,https://www.bilibili.com/video/BV16QBGYgEQQ,杀戮尖塔—统计万小时玩家卡牌抓率！尽孝壁垒？你和豹豹差别在哪？,1,0.13,283187,5984,797,1006,736,白夕Seal,点点赞汪！点点赞谢谢汪！ / 统计mod：sts metrics 感谢@炮炮越  作者的帮助 / 还有想看的可以在评论区说职业和卡牌，点赞过1000两天内更新下期汪~
2024-12-02,BV1Bo6PYQEsV,https://www.bilibili.com/video/BV1Bo6PYQEsV,杀戮尖塔—白夕Seal12月录播合集！,200,114.71,114230,764,175,132,88,白夕Seal,点点赞汪！点点赞谢谢汪！
2024-11-21,BV1JCUSYqExE,https://www.bilibili.com/video/BV1JCUSYqExE,杀戮尖塔—菜农mod合集！⚠️严禁入内！☣️猪瘟传播☣️！⚠️,28,16.11,206724,2847,376,813,192,白夕Seal,基米！ / 第一章传送门BV175UhYyE3s
2024-11-19,BV1E6UsYYE1K,https://www.bilibili.com/video/BV1E6UsYYE1K,杀戮尖塔—白夕Seal11.5月录播合集！,161,93.4,55777,503,96,66,35,白夕Seal,点点赞汪，点点赞谢谢汪！
2024-11-16,BV175UhYyE3s,https://www.bilibili.com/video/BV175UhYyE3s,杀戮尖塔—尖塔唯一の神有mod了？充满农晷农盘农盒基米孩舅农黑农白唐笑豹指导之尖塔农黑化之菜农mod,1,0.94,105243,2470,262,333,175,白夕Seal,基米基米基米基米基米基米基米基米基米基米基米基米基米基米基米基米基米基米基米基米基米基米基米基米基米基米基米基米基米基米基米基米基米基米基米基米基米基米基米基米基米基米基米基米基米基米基米基米基米基米基米基米基米基米基米基米基米基米基米基米基米基米基米基米基米基米基米基米 / 看在神的份上点个赞吧！
2024-10-28,BV1Pm15YTEAu,https://www.bilibili.com/video/BV1Pm15YTEAu,杀戮尖塔—典中典之删防打击四精英二层继续冲刺全部裸摸充满基米精神但不慎漏出猪头一点防不拿避免卡启动全靠局外烧牌矛盾极限尽孝壁垒硫磺却洗刷万小时世界观战,1,0.32,150188,4731,1359,868,295,白夕Seal,典中典之删防打击过四精英二层继续冲刺全部裸摸充满基米精神但不慎漏出猪头一点防不拿避免卡启动全靠局外烧牌矛盾极尽孝壁垒硫磺却洗刷万小时世界观战~ / 我说高手烧干的不是卡组是标点符号你二龙吗？ / 噶人们原来这个游戏是这样玩的我真的很孩怕！ / 点点赞吧别逼我跪下求你！
2024-10-28,BV1c915YAETy,https://www.bilibili.com/video/BV1c915YAETy,杀戮尖塔—白夕Seal11月录播合集！,174,103.26,91755,783,154,81,107,白夕Seal,点点赞吧！豹豹什么都会做的！ 10月录播点赞没有1%已经像虫且一样的似了！
2024-10-22,BV1geyJYtEnG,https://www.bilibili.com/video/BV1geyJYtEnG,杀戮尖塔—开局三诅咒还能爽种？看完直接孝死了！,1,0.35,72508,1890,130,138,126,白夕Seal,那谁来了直接轻哼上了~
2024-10-05,BV1yY1QY3ESw,https://www.bilibili.com/video/BV1yY1QY3ESw,杀戮尖塔—白夕Seal10月录播合集！,200,136.39,99325,721,136,96,92,白夕Seal,封面要下个月换力，屋屋
2024-09-26,BV1FGx3eRE5i,https://www.bilibili.com/video/BV1FGx3eRE5i,冰汽时代2—最高难度圣母流无死伤无规则无激进473周速通完美和解结局实况解说 最佳公式开局流程讲解,3,3.41,24226,1247,432,234,148,白夕Seal,第一次录实况，没想到这么累，反复录了好多次现在游戏时间都40小时啦 / 不知道合不合大家口味，总之也算纪念一下在B站的首次投稿。 / 如果大家喜欢以后会试着多做一些其他游戏实况解说~ / 三连点赞，谢谢喵！谢谢喵！ 保护海豹谢谢喵！ / 激进指的是游戏后期标红的需研究法案 / 规则指的是扩大执政官全力的一会内统治选项卡法案 / 有问题意见可以评论区提出哦~
2024-09-23,BV1UosSe5ERP,https://www.bilibili.com/video/BV1UosSe5ERP,杀戮尖塔—白夕Seal9.7333月录播合集！,84,56.04,46893,482,85,52,79,白夕Seal,严谨，如何呢
2024-09-11,BV18S4qeEEkQ,https://www.bilibili.com/video/BV18S4qeEEkQ,杀戮尖塔—天才点播：再次四世同堂连续剧！豹豹：我说机器人＞观者你能反驳吗？,4,2.2,93853,1863,356,389,144,白夕Seal,沟槽的紫人，孩舅那个不拉嗯造啊
2024-09-02,BV1EGHze9Exg,https://www.bilibili.com/video/BV1EGHze9Exg,杀戮尖塔—白夕Seal9月录播合集！,200,123.12,80610,607,117,80,64,白夕Seal,肚肚痛惹
2024-08-22,BV1uHWVezE9U,https://www.bilibili.com/video/BV1uHWVezE9U,杀戮尖塔—白夕Seal8.5月录播合集！,102,64.37,45773,517,98,47,42,白夕Seal,又满200P力，如何呢？
2024-07-31,BV1FM4m117xk,https://www.bilibili.com/video/BV1FM4m117xk,杀戮尖塔—白夕Seal8月录播合集！,200,140.31,50732,686,165,87,70,白夕Seal,极限提前入八，如何呢？
2024-07-28,BV1xw4m1k7WL,https://www.bilibili.com/video/BV1xw4m1k7WL,杀戮尖塔—尖塔冷知识特别篇：24年还有塔学大发现！我是真的渴了！,1,0.03,139647,5841,707,623,346,白夕Seal,懂得越多，懂的越少，如何呢？
2024-07-15,BV1RT421r7f3,https://www.bilibili.com/video/BV1RT421r7f3,杀戮尖塔—白夕Seal7.5月录播合集！,195,110.23,42415,674,172,74,81,白夕Seal,有望在八月前进入八月，如何呢？
2024-06-25,BV1n1421r7bj,https://www.bilibili.com/video/BV1n1421r7bj,杀戮尖塔—白夕Seal7月录播合集！,200,119.98,41852,612,128,82,44,白夕Seal,快进到七月，如何呢？
2024-06-15,BV1js421T7h7,https://www.bilibili.com/video/BV1js421T7h7,杀戮尖塔—无限构筑讲解教学！累计已鸽：2年！超级耐催王！,1,0.08,225784,7719,1536,2246,472,白夕Seal,发酵了2年的视频！无限视频不无限鸽了噶人们！纪念第一次接商单下期不日推出！
2024-06-13,BV1Hm421V7aS,https://www.bilibili.com/video/BV1Hm421V7aS,杀戮尖塔—第四届每周日豹杯！ 本期金句：雨不会一直下！头会！,7,2.75,22668,694,120,38,41,白夕Seal,星下秋月蚕似在了豹豹深远的套路之下！光流，你去把那小代给我，做掉！
2024-06-03,BV1yy411b7i7,https://www.bilibili.com/video/BV1yy411b7i7,杀戮尖塔—白夕Seal6月录播合集！,200,117.04,37626,576,129,64,38,白夕Seal,开幕豹毙，如何呢？ / 截止6.21日200p满，切换下个月份！
2024-05-20,BV1kM4m1k7ed,https://www.bilibili.com/video/BV1kM4m1k7ed,杀戮尖塔—第三届每周日豹杯！ 壮哉冠军以凡人之躯挑战神明！,9,3.52,174362,2919,386,467,622,白夕Seal,请到神了！什么是农神？！
2024-05-17,BV1HC41177yU,https://www.bilibili.com/video/BV1HC41177yU,杀戮尖塔—白夕Seal5.5月录播合集！,123,79.83,37566,427,77,53,33,白夕Seal,想写6月，但是太变态了！
2024-05-06,BV1Qw4m1X7Bt,https://www.bilibili.com/video/BV1Qw4m1X7Bt,杀戮尖塔—第二届每周日豹杯合集！ 建议更名为豹笑红温压力杯！,9,3.47,30832,832,144,97,147,白夕Seal,好累啊！噶人们好累啊！被苟弹幕气晕！
2024-04-25,BV1RE421K7Bg,https://www.bilibili.com/video/BV1RE421K7Bg,杀戮尖塔—白夕Seal5月录播合集！,195,116.62,40908,486,103,72,49,白夕Seal,豹豹说五月了就是五月了！
2024-04-21,BV1vD421H7aK,https://www.bilibili.com/video/BV1vD421H7aK,杀戮尖塔—第一届 每周日豹杯！赛事录播！,7,3.35,31691,1090,138,64,72,白夕Seal,恭喜不能剧透拿下第一届每周日豹杯冠军！
2024-04-16,BV1jE421T7cC,https://www.bilibili.com/video/BV1jE421T7cC,杀戮尖塔—危险生物见闻录之：1.地精大蒯头~,1,0.03,741650,15122,1123,1315,747,白夕Seal,是新系列，主旨是幽默教学！有意见可以提出喵！诚招剪辑，召唤豹白！ / 有请课代表在评论区总结本期干货！
2024-04-11,BV1Xr421x7A3,https://www.bilibili.com/video/BV1Xr421x7A3,杀戮尖塔2—定档2025年！新作资讯速览！解决了机器人是最弱职业的问题？,1,0.08,312935,7538,713,800,951,白夕Seal,steam搜slay the spire 2已经可以加入愿望单辣！我将停止呼吸直到2025！ / 感谢@爱丽丝拉斐尔_Official  官方大漏勺！
2024-04-06,BV1XE421g7p5,https://www.bilibili.com/video/BV1XE421g7p5,杀戮尖塔—普通职业！立刻做好攻杀的准备！永不鬼抽Nosl五固有豹破机！,1,0.68,57779,1240,138,74,61,白夕Seal,前半部分左上角不能跳金卡是上一局的要求！但是跟你豹了！
2024-04-02,BV1pJ4m1578X,https://www.bilibili.com/video/BV1pJ4m1578X,杀戮尖塔—白夕Seal4月录播合集！,196,129.76,45850,546,115,91,34,白夕Seal,四月辣！
2024-03-24,BV1zF4m1F75p,https://www.bilibili.com/video/BV1zF4m1F75p,杀戮尖塔—白夕Seal 3.5月录播合集！,92,58.45,20591,411,107,51,19,白夕Seal,200P满啦，看录播的豹白记得三连！
2024-03-07,BV1nC411p7TL,https://www.bilibili.com/video/BV1nC411p7TL,杀戮尖塔—白夕Seal 3月录播合集！,199,131.58,33875,451,130,73,46,白夕Seal,小丑牌录播有另外合集哦！ 空间里搜一下就行！
2024-03-07,BV1jC411a7uG,https://www.bilibili.com/video/BV1jC411a7uG,杀戮尖塔—粉丝：极其罕见观者手里剑毒种！毒麻了！ 豹豹：有点东西！,1,1.69,66354,1220,250,144,92,白夕Seal,加班sl了一小时，屋屋！ / 根据豹白意见将在视频下添加额外进度条方便大家跳过长时间sl
2024-02-25,BV1CC411H7ZM,https://www.bilibili.com/video/BV1CC411H7ZM,杀戮尖塔—第一届思豹尔杯 决赛日合集（含表演赛）,12,3.32,66651,1892,261,157,151,白夕Seal,"恭喜@超帕味棉花糖  第一次参赛便诈降一路直取冠军！ / 至此本届比赛和春节假期也算圆满结束咯，感谢解说和选手们的努力，也要感谢观众们的支持和陪伴！ / 再次祝大家新年快乐，下次就要明年再见辣！希望我们能一起在新年顺顺利利，共同成长！"
2024-02-18,BV1rm411D758,https://www.bilibili.com/video/BV1rm411D758,杀戮尖塔—第一届思豹尔杯四强赛合集,18,5.32,48259,1660,169,73,92,白夕Seal,"四强赛为双败瑞士轮，具体比赛规则可以看空间置顶动态，大家新年快乐鸭！ / 什么叫冠军吱吱啊！"
2024-02-15,BV146421g7L3,https://www.bilibili.com/video/BV146421g7L3,杀戮尖塔—第一届思豹尔杯8进4合集,26,9.28,42466,1462,150,89,59,白夕Seal,八强赛为bo3瑞士轮，具体比赛规则可以看空间置顶动态，大家新年快乐鸭！
2024-02-11,BV1fZ42127ys,https://www.bilibili.com/video/BV1fZ42127ys,杀戮尖塔—第一届思豹尔杯16进8合集,34,12.26,53364,1734,248,137,88,白夕Seal,具体比赛规则可以看空间置顶动态，大家新年快乐鸭！
2024-02-07,BV1TC41167na,https://www.bilibili.com/video/BV1TC41167na,杀戮尖塔—竞速技巧速览！手慢也可以用方法取胜！,1,0.05,32221,1566,184,112,49,白夕Seal,过不了海选一定是因为没发视频导致的！坏！豹豹！坏！
2024-02-04,BV11J4m1b7ct,https://www.bilibili.com/video/BV11J4m1b7ct,杀戮尖塔—白夕Seal2月录播合集！,200,94.14,32040,433,109,64,20,白夕Seal,"关注思豹尔杯喵！关注思豹尔杯谢谢喵！ / 注：有写数字的分P是连胜数"
2024-02-04,BV17F4m1u7M2,https://www.bilibili.com/video/BV17F4m1u7M2,杀戮尖塔—最有理解的一集！初见负1分钟竞速猎！,1,0.2,98309,2819,269,211,130,白夕Seal,减时是因为依据比赛规则，猎手棱镜碎心共减13分钟，具体移步主播空间置顶动态！ / 好快一个！一个好快！
2024-02-01,BV12C411B7oF,https://www.bilibili.com/video/BV12C411B7oF,杀戮尖塔—思豹尔杯二审高手 阅卷合集！,44,18.81,16844,418,82,35,54,白夕Seal,很喜欢豹豹的一句话，考的都是原题！
2024-01-26,BV1cg4y1m75E,https://www.bilibili.com/video/BV1cg4y1m75E,杀戮尖塔—思豹尔杯预热表演赛 哦不次 VS 小饼干,4,1.69,13677,451,81,34,39,白夕Seal,"美术素材还没画好所以暂时显示猫粮杯！ / 有什么建议和意见可以评论提出！ / 非常感谢往届冠军 @哦不次 以及 @嘤嘤哒才雪 为我们带来的精彩比赛！"
2024-01-23,BV1qN4y1H7Sd,https://www.bilibili.com/video/BV1qN4y1H7Sd,杀戮尖塔—2024年思豹尔杯海选一审直播,103,36.41,18539,405,72,27,48,白夕Seal,20号试审的未收录在内，对第一天评论区内评价不满意的请尽快投稿复核。
2024-01-19,BV1vK411e7ij,https://www.bilibili.com/video/BV1vK411e7ij,杀戮尖塔—思豹尔杯规则棱镜局录播合集,22,7.78,15451,450,85,33,60,白夕Seal,"噶人们等一哈我参考一哈！ / 美术素材晚点跟进！ / 有报名意向的选手请在动态查看报名方式！"
2024-01-10,BV1ut4y1o7Va,https://www.bilibili.com/video/BV1ut4y1o7Va,杀戮尖塔—晚尖食堂：3.死去活来的红色咔咔！,1,0.05,39645,2615,349,123,62,白夕Seal,3/20 / 不知道需不需要加某些牌或遗物的效果注释捏 / 原录播：BV1Ac411874v的P21
2024-01-07,BV1ft4y1d7Uh,https://www.bilibili.com/video/BV1ft4y1d7Uh,杀戮尖塔—晚尖食堂：2.绿帽但灵体观者贼！,1,0.04,27955,1934,233,76,79,白夕Seal,月更2/20 / 原录播：BV1Ac411874v的P26
2024-01-06,BV1Qt4y1d7vN,https://www.bilibili.com/video/BV1Qt4y1d7vN,杀戮尖塔—晚尖食堂：1.绿帽愤怒攻哈战！,1,0.03,38709,2687,304,159,136,白夕Seal,开坑！月更1/20！ / 完整录播：BV1Ac411874v 的P8
2024-01-02,BV1Ac411874v,https://www.bilibili.com/video/BV1Ac411874v,杀戮尖塔—白夕Seal1月录播合集！,171,103.29,41154,519,108,84,50,白夕Seal,五万粉了喵！五万粉谢谢喵！
2023-12-23,BV14G411k7Eb,https://www.bilibili.com/video/BV14G411k7Eb,杀戮尖塔—最新好活！Ai眼中的尖塔？杀戮尖塔版IQ测试？,1,0.37,38526,1837,194,128,62,白夕Seal,感谢@旋转纽约青蛙  给大家带来的好活！ / 最需要IQ的一集！呃呃！
2023-12-23,BV1MN4y1z7oe,https://www.bilibili.com/video/BV1MN4y1z7oe,杀戮尖塔—白夕Seal12.5月录播合集！,87,55.02,23749,338,71,45,18,白夕Seal,200p又满惹！呃呃！！！
2023-12-22,BV1Rc411y7gs,https://www.bilibili.com/video/BV1Rc411y7gs,杀戮尖塔—梗知识科普！了解尖塔行话与最新热梗！,1,0.09,333193,10589,1265,1799,541,白夕Seal,"屋屋！呃呃！嘤~ / 考古地址：BV1Eu4y1p7QJ农豹联动回 / BV19k4y1f7v8纯享呃呃回"
2023-11-28,BV14a4y1f7yY,https://www.bilibili.com/video/BV14a4y1f7yY,杀戮尖塔—白夕Seal12月录播合集！,195,127.87,44420,480,131,79,82,白夕Seal,单视频上限怎么只有200P！
2023-11-09,BV1EN411g7ma,https://www.bilibili.com/video/BV1EN411g7ma,杀戮尖塔—迟到的超级竞速种！7分32灼热敲豹心脏！,1,0.17,204618,5142,441,504,177,白夕Seal,"种子号：45V4LPIFRNW1V / 按猫粮杯老规则碎心减时7分半 成绩2秒钟，争取再努努力争取打完一局+1s刷起来！"
2023-11-05,BV1NQ4y1n7xS,https://www.bilibili.com/video/BV1NQ4y1n7xS,杀戮尖塔—白夕Seal11月录播合集！,200,131.74,45751,628,141,96,133,白夕Seal,"录播豹豹竟是我自己！ / 有部分局忘记点录制！寄！"
2023-10-23,BV1up4y1M795,https://www.bilibili.com/video/BV1up4y1M795,【杀戮尖塔猫粮杯5】决赛,9,2.49,88853,1975,295,134,92,破碎的星光brkstar,猫粮杯5圆满结束啦，感谢各位选手、解说和比赛mod制作者为大家带来的精彩比赛，最后也要感谢猫粮杯组织者@爱丽丝拉斐尔_Official   付出的努力，关注拉斐尔谢谢喵
2023-10-22,BV1RM41197yX,https://www.bilibili.com/video/BV1RM41197yX,杀戮尖塔—第五届猫粮杯决赛！ 二台视角,5,1.78,13854,440,70,41,18,白夕Seal,"恭喜 @哦不次 获得第五届猫粮杯冠军！900小时天才玩家，为我们带来了精彩的比赛！ / 半决赛录像可以看上个4强合集哦！"
2023-10-21,BV1tB4y1o7Jx,https://www.bilibili.com/video/BV1tB4y1o7Jx,【杀戮尖塔猫粮杯5】四强双败赛,17,5.02,42448,1295,193,70,102,破碎的星光brkstar,四强赛采用双败赛制
2023-10-21,BV1Nw411r7j6,https://www.bilibili.com/video/BV1Nw411r7j6,杀戮尖塔—第五届猫粮杯四强赛  二台视角,21,6.18,8724,338,67,25,24,白夕Seal,生存杯，豹毙杯，反转杯，切割杯！
2023-10-14,BV1Cy4y1N7Eq,https://www.bilibili.com/video/BV1Cy4y1N7Eq,【杀戮尖塔猫粮杯5】八强赛,24,8.42,70609,1764,289,122,130,破碎的星光brkstar,八强赛规则BO3瑞士轮，持续3天，2胜出现，2负淘汰
2023-10-14,BV1iC4y1G7Rb,https://www.bilibili.com/video/BV1iC4y1G7Rb,杀戮尖塔—第五届猫粮杯8进4 二台视角,24,8.77,15900,487,73,32,41,白夕Seal,"偷偷提示，标有符号的局不容错过哦！诶嘿！ /  / 猫粮杯是规则为进阶15的竞速比赛，具体规则请参考拉斐尔的动态！ /  / 四强最终出线名额为：哦不次 该隐未隐 隔壁老王 哇呜K  /  / 决赛将于下周末举办！"
2023-10-03,BV1u84y1m7Yb,https://www.bilibili.com/video/BV1u84y1m7Yb,【杀戮尖塔猫粮杯5】十六强赛,32,12.96,94038,1752,394,192,204,破碎的星光brkstar,十六强赛为瑞士轮。每日同比分选手抽签比赛，最后决出八强，比赛细则查看@爱丽丝拉斐尔_Official  动态海报，每日赛程和赛果拉斐尔也都会发动态公布
2023-06-13,BV1gX4y147D3,https://www.bilibili.com/video/BV1gX4y147D3,豹论尖塔—那些不为人知的不实用冷知识 第七期,1,0.08,82301,3619,527,225,116,白夕Seal,是故意豹毙还是不小心？是，是故意的！
2023-06-12,BV1Vz4y1i7K7,https://www.bilibili.com/video/BV1Vz4y1i7K7,豹论尖塔—那些不为人知的不实用冷知识 第六期,1,0.09,51182,3035,496,186,91,白夕Seal,日更越多，视频越多，视频越多，素材越少，素材越少，视频越少，所以视频越多，视频越少！不是我不想更，主要是考虑家人们的戒断反应！
2023-06-09,BV16z4y1v7o4,https://www.bilibili.com/video/BV16z4y1v7o4,豹论尖塔—那些不为人知的不实用冷知识 第五期,1,0.06,72178,3800,612,204,166,白夕Seal,很喜欢评论区的一句话——你是？ / 求求点赞捏，1天内800赞拉稀式更新下期！
2023-05-01,BV1Do4y1t7iA,https://www.bilibili.com/video/BV1Do4y1t7iA,杀戮尖塔—铁甲战士200连胜达成！一剑把尖塔砍豹！,1,0.53,50988,1421,234,105,100,白夕Seal,还有一个丢人的我不说是谁 / 具体每局录播指路@录播豹豹
2023-04-17,BV17k4y1a7mS,https://www.bilibili.com/video/BV17k4y1a7mS,杀戮尖塔—机器人真的强死了！！？,1,0.05,29270,987,163,53,91,白夕Seal,不像是演的，不确定，再看看。 /  / 视频制作：鹿千歌
2023-03-13,BV1aY411z7PU,https://www.bilibili.com/video/BV1aY411z7PU,杀戮尖塔—第一届猫粮杯冬季赛决赛！,3,1.53,46840,1049,289,136,107,白夕Seal,痛失寄军！噫呜呜呜呜呜 喵！
2023-03-11,BV1tk4y1h71w,https://www.bilibili.com/video/BV1tk4y1h71w,杀戮尖塔—战士鸽又一力作！不怎么胡的9.24碎心！10分打爆心脏合集！,3,0.52,33542,872,124,60,55,白夕Seal,急急急急急急急！！！
2023-03-04,BV1SM4y1R7L7,https://www.bilibili.com/video/BV1SM4y1R7L7,杀戮尖塔—猫娘杯练习！1分25秒观者速通~,1,0.16,136581,2888,222,273,117,白夕Seal,咕~
2023-02-24,BV1xX4y197b7,https://www.bilibili.com/video/BV1xX4y197b7,杀戮尖塔—10:03砍翻尖塔战士鸽！（猫娘杯练习）,1,0.18,23071,789,108,50,83,白夕Seal,碎心按比赛规则会减7分30秒，于是...
2023-01-24,BV1tA411k7rS,https://www.bilibili.com/video/BV1tA411k7rS,杀戮尖塔—烟雾弹杀人事件！新年整蛊豹毙第一人！,1,0.03,81960,2382,285,199,150,白夕Seal,这对劲吗？这不对劲！
2022-11-02,BV1nP411w7kq,https://www.bilibili.com/video/BV1nP411w7kq,杀戮尖塔—从零开始的Nosl机器人爬塔生活！,26,13.14,44570,734,219,248,57,白夕Seal,摆就毙
2022-11-02,BV1rD4y1477w,https://www.bilibili.com/video/BV1rD4y1477w,杀戮尖塔—从零开始的Nosl观豹爬塔生活！,23,9.24,30857,537,200,214,38,白夕Seal,毙就摆
2022-11-02,BV1wV4y1371p,https://www.bilibili.com/video/BV1wV4y1371p,杀戮尖塔—从零开始的Nosl猎豹爬塔生活！,25,12.81,34788,579,230,269,29,白夕Seal,玩着摆
2022-11-02,BV1Ev4y1D7AG,https://www.bilibili.com/video/BV1Ev4y1D7AG,杀戮尖塔—冷知识：全遗物基础牌能不能打过心脏？,1,0.37,220249,3655,245,329,313,白夕Seal,"纸上得来终觉浅，_______________。 / 河里 / 视频中不包括商店遗物（每个商店最右边的第一个遗物） 和问号出现的事件遗物"
2022-11-02,BV1m84y1i7fj,https://www.bilibili.com/video/BV1m84y1i7fj,杀戮尖塔—从零开始的Nosl战豹爬塔生活！,21,12.67,49632,707,275,358,137,白夕Seal,摆着玩
2022-10-14,BV1gN4y1P7NZ,https://www.bilibili.com/video/BV1gN4y1P7NZ,杀戮尖塔—白夕Seal 静默猎手百连合集,21,15.34,93662,1267,479,787,100,白夕Seal,给vari姐姐的小灶~
2022-10-13,BV1aG411j7Nq,https://www.bilibili.com/video/BV1aG411j7Nq,杀戮尖塔—杀戮尖塔—白夕Seal十月录播,91,55.95,17226,300,110,39,29,白夕Seal,啾咪哟~~~
2022-09-12,BV1g24y1Z71M,https://www.bilibili.com/video/BV1g24y1Z71M,杀戮尖塔—白夕Seal Mod录播合集,47,42.11,52484,798,229,316,63,白夕Seal,好二次元啊！
2022-09-11,BV1EY4y1K79X,https://www.bilibili.com/video/BV1EY4y1K79X,杀戮尖塔—杀戮尖塔—白夕Seal九月录播,160,88.71,20809,415,145,52,61,白夕Seal,“今天主播状态极好，想必可以打10连甚至9连（指毙）”
2022-09-10,BV1GT411M7q8,https://www.bilibili.com/video/BV1GT411M7q8,【动态壁纸】白夕的中秋月豹！  今日豹壁（指壁纸）,1,0.01,8768,723,205,107,133,白夕Seal,"嗨嗨嗨！没想到吧，豹豹还会变身~ / 中秋快乐哦！祝大家都能在今天月圆人团圆！ / 源文件如果想要的人多后续会发布在评论区和动态！ / 记得三连哦~"
2022-08-29,BV1NG4y167QV,https://www.bilibili.com/video/BV1NG4y167QV,杀戮尖塔—2022猫粮杯表演赛（选手语音版),2,1.28,15143,433,117,49,43,白夕Seal,嘟嘟嘟嘟嘟！！！
2022-08-28,BV1GP4y1f7PR,https://www.bilibili.com/video/BV1GP4y1f7PR,【杀戮尖塔猫粮杯3】决赛,17,6.53,151393,2903,533,326,242,破碎的星光brkstar,第三届猫粮杯正赛已经圆满结束，28号晚上还有表演赛也会发到这里
2022-08-25,BV1rG4y1r7Wh,https://www.bilibili.com/video/BV1rG4y1r7Wh,杀戮尖塔—四强赛 双败制第一天（树枝你不得house）,8,2.17,29772,679,110,53,97,白夕Seal,希望今天之后大家都记住一句话，”事件sl不是很重要“
2022-08-22,BV1Vg411D7DJ,https://www.bilibili.com/video/BV1Vg411D7DJ,杀戮尖塔—2022猫粮杯白夕冥场面集锦,9,2.4,61330,1299,295,233,96,白夕Seal,达咩，达咩跌丝 呜呜呜
2022-07-25,BV1UV4y1775Y,https://www.bilibili.com/video/BV1UV4y1775Y,杀戮尖塔—白夕Seal机器人百连全程录播 (四职业百连达成）机器人实战攻略大全,99,76.12,118007,1651,628,848,160,白夕Seal,"不sl开局，不使用bug，不包含点播 / 7.24  达到尖塔最高峰！四职业百连！ / 历时一月，一路陪伴，感谢有你！"
2022-07-19,BV16e4y1X7tQ,https://www.bilibili.com/video/BV16e4y1X7tQ,杀戮尖塔—两千黑球时钟的尽头，是寄器人的未来！,1,0.13,15653,640,173,46,99,白夕Seal,视频仅供娱乐，实际不强行打第二场战斗会在小怪神抽无伤后拿到灵体~~~ /  / 原理解释： / 竞技场事件第二场战斗会根据第一场战斗的 “洗牌次数” 来影响发牌 / 也是全尖塔唯一可以穷举牌序的战斗，通过不断尝试不同洗牌次数对应的发牌即可以创造出属于自己的神抽 / 本次目标洗牌次数70次，回合数212！寄寄之火，还不可以熄灭！
2022-07-09,BV1xY4y1J7rs,https://www.bilibili.com/video/BV1xY4y1J7rs,杀戮尖塔—白夕Seal七月录播（内含豹毙）,84,65.23,14706,345,113,39,29,白夕Seal,蠕动，可爱滴捏，什么牛马
2022-06-29,BV1234y1H7Ly,https://www.bilibili.com/video/BV1234y1H7Ly,杀戮尖塔—机器人百连中途豹毙珍贵记录 （机器人百科全书）,86,64.86,33390,707,225,215,89,白夕Seal,弟门
2022-06-28,BV1ma411W78v,https://www.bilibili.com/video/BV1ma411W78v,杀戮尖塔—寄术主播含毙量1000%的一天！,7,2.8,14833,536,164,69,63,白夕Seal,@落星  代播你怎么回事？？你这样我很难收场啊！！
2022-06-19,BV1pY411T7Kw,https://www.bilibili.com/video/BV1pY411T7Kw,杀戮尖塔—灼热赛马，当赛马场跑进一辆摩托车,1,0.62,13456,585,117,43,51,白夕Seal,戒赌公益视频~
2022-06-16,BV1G34y1572L,https://www.bilibili.com/video/BV1G34y1572L,豹论尖塔—17分钟猎宝精通！静默猎手光速成进阶攻略（二）,1,0.29,309035,7633,2558,2032,244,白夕Seal,喝完了！撑死滴捏！
2022-05-29,BV1zt4y1p7k8,https://www.bilibili.com/video/BV1zt4y1p7k8,杀戮尖塔—白夕Seal 铁甲战士百连合集,83,71.68,219747,2662,1220,1938,209,白夕Seal,"默认不sl开局 / 不使用BUG / 均长50分钟"
2022-05-23,BV1VB4y1R7dp,https://www.bilibili.com/video/BV1VB4y1R7dp,豹论尖塔—10分钟猎宝入门！静默猎手光速成进阶攻略（一）,1,0.18,694077,14227,3073,4277,552,白夕Seal,"病假复工期！ / 小海豹歪头~"
2022-05-20,BV1R34y177RU,https://www.bilibili.com/video/BV1R34y177RU,杀戮尖塔—Nosl珍贵豹毙史料,13,10.97,15273,460,120,67,73,白夕Seal,"问！心！无！愧！ / 打的非常认真，只有一点随意，大概也就是伤害完全没算的水平！ /  / 中间丢失了一部分，压灭咯！！!"
2022-05-15,BV1YB4y1y7ez,https://www.bilibili.com/video/BV1YB4y1y7ez,从0做全职主播14个月吃得起饭吗？1.3万V圈出道能回本吗？,1,0.22,75315,4161,2345,802,382,白夕Seal,"嘴痛水一期，结果写着写着就不是水了 / 愿你被生活温柔以待~ / 建模@老夫是个男孩子哒 / 原画@雾流（米画师） /  /  /  /  /  /  /  /  /  /  /  /  /  /  /  /  /  /  /  /  /  /  /  /  /  /  /  /  /  /  /  / 才，，，，，，才不是V呢！"
2022-05-12,BV1m5411d7aZ,https://www.bilibili.com/video/BV1m5411d7aZ,豹论尖塔—Boss遗物的选择（四） 功能性遗物,1,0.14,177213,5300,1282,501,151,白夕Seal,这几天好累哦！呜呜
2022-05-11,BV1ir4y1t7Yj,https://www.bilibili.com/video/BV1ir4y1t7Yj,杀戮尖塔—不可能通过的战斗？ 游戏名：永远别放弃！,1,0.46,22831,888,247,67,74,白夕Seal,"过啦！没毙！乐乐！！！ / 观众：maybe，blue"
2022-05-09,BV1AL4y1F7tG,https://www.bilibili.com/video/BV1AL4y1F7tG,杀戮尖塔—白夕Seal万粉生日纪念鸽回！！！,10,0.63,9558,512,217,60,96,白夕Seal,"可恶啊，嗓嗓状态不是很好捏 / 呜呜 / P10来看反差！"
2022-05-07,BV1iu411r7Mu,https://www.bilibili.com/video/BV1iu411r7Mu,豹论尖塔—【局内篇】药水使用寄巧,1,0.1,123243,4757,1083,449,123,白夕Seal,翻身，咕噜噜噜歪比歪比~~~
2022-05-07,BV1cY4y1b77E,https://www.bilibili.com/video/BV1cY4y1b77E,豹论尖塔—Boss遗物的选择（三）职业特色遗物,1,0.13,205801,7035,1685,589,349,白夕Seal,现在是凌晨5点，当你看到这期视频，一只小海豹正在睡香香！
2022-05-04,BV1y54y1f7Tm,https://www.bilibili.com/video/BV1y54y1f7Tm,豹论尖塔—Boss遗物的选择（二）通用加费,1,0.11,237407,6981,1416,752,329,白夕Seal,"下期预告：职业特色遗物，暂定四期收尾本项目！ / 嘤！ / 记得看下豹豹动态的置顶哦！"
2022-05-01,BV1QT4y1z7BE,https://www.bilibili.com/video/BV1QT4y1z7BE,豹论尖塔—Boss遗物的选择（一）卡组评估,3,0.32,138847,4833,1057,695,215,白夕Seal,海豹炖豹了鸽子！
2022-04-30,BV13r4y1n73m,https://www.bilibili.com/video/BV13r4y1n73m,豹论尖塔—幼儿园小朋友也能听懂的塔学教程—牌序篇,1,0.1,165618,5638,1728,1402,221,白夕Seal,小海豹！累累了捏！！
2022-04-29,BV1xY4y1k7FK,https://www.bilibili.com/video/BV1xY4y1k7FK,杀戮尖塔—白夕Seal三月录播合集（下）,66,48.85,14623,257,109,40,25,白夕Seal,豹子多秋~
2022-04-28,BV1u3411K7hH,https://www.bilibili.com/video/BV1u3411K7hH,豹论尖塔—那些不为人知的实用冷知识 第四期,1,0.12,71461,4915,1064,284,120,白夕Seal,没了没了！再也榨不出来了！豹榨了已经！
2022-04-28,BV1zu411k7RK,https://www.bilibili.com/video/BV1zu411k7RK,【SpireCraft】—我特么直接渡劫！！！,1,0.12,43603,3159,1052,256,126,白夕Seal,"猎100连胜纪念 / 准备寻找新的风格， / 初次尝试比较复杂的制作，感觉以前的视频都像低创，呜呜"
2022-04-26,BV1r541117aR,https://www.bilibili.com/video/BV1r541117aR,豹论尖塔—那些不为人知的实用冷知识 第三期,1,0.12,83325,6953,1427,373,108,白夕Seal,现在是凌晨7点，当你看到这期视频，说明一只无辜的小海豹已经离开人世 TAT
2022-04-25,BV19L4y1V7C3,https://www.bilibili.com/video/BV19L4y1V7C3,豹论尖塔—那些不为人知的实用冷知识 第二期,1,0.09,102926,8618,1637,498,156,白夕Seal,噜咕噜咕噜！
2022-04-23,BV1NS4y1a7oV,https://www.bilibili.com/video/BV1NS4y1a7oV,豹论尖塔—那些不为人知的实用冷知识  第一期,1,0.1,124615,5353,1151,485,134,白夕Seal,咕噜咕噜咕噜咕噜~~
2022-04-20,BV1pL4y1L7jX,https://www.bilibili.com/video/BV1pL4y1L7jX,豹论尖塔—幼儿园小朋友也能听懂的塔学教程—随机数篇,1,0.11,162616,4141,1226,967,177,白夕Seal,喝水！咕噜咕噜咕噜咕！
2022-04-19,BV1oB4y1U7gJ,https://www.bilibili.com/video/BV1oB4y1U7gJ,豹论尖塔—21分钟机宝精通！故障机器人光速成进阶攻略（二）,1,0.36,492586,11378,4194,3226,612,白夕Seal,喝水回来了，嗝~~~
2022-04-17,BV14T4y1a7CY,https://www.bilibili.com/video/BV14T4y1a7CY,豹论尖塔—7分钟机宝入门！故障机器人光速成进阶攻略（一）,1,0.12,963949,15911,2613,4452,825,白夕Seal,好耶！P2BV1oB4y1U7gJ传送门
2022-04-02,BV1iZ4y1m7z2,https://www.bilibili.com/video/BV1iZ4y1m7z2,杀戮尖塔—白夕Seal三月录播合集,44,33.44,10052,176,90,40,25,白夕Seal,黑豹豹出生的月份！
2022-03-05,BV1tZ4y1r7Mg,https://www.bilibili.com/video/BV1tZ4y1r7Mg,杀戮尖塔—白夕Seal二月录播合集,49,44.54,7503,138,104,30,23,白夕Seal,可寄~
2022-02-04,BV17u41197a7,https://www.bilibili.com/video/BV17u41197a7,白夕Seal—除夕纪念录播！（歌回？）,1,2.25,4683,171,112,22,77,白夕Seal,社死了捏 嘤
2022-02-04,BV1R5411d7Ae,https://www.bilibili.com/video/BV1R5411d7Ae,豹论尖塔—14分钟玩懂！观者光速成进阶攻略！,1,0.24,826353,14770,3683,4614,977,白夕Seal,"豹咕豹咕豹咕 / 嘤！"
2022-01-29,BV1jF411H7kp,https://www.bilibili.com/video/BV1jF411H7kp,杀戮尖塔—白夕Seal一月录播合集,31,29.17,5403,120,95,22,17,白夕Seal,哈哈哈 寄汤来咯!
2021-12-03,BV1ti4y1o7q3,https://www.bilibili.com/video/BV1ti4y1o7q3,杀戮尖塔—白夕Seal十二月录播合集,38,37.06,7628,152,102,31,22,白夕Seal,寄！
2021-11-25,BV1ai4y1o7z5,https://www.bilibili.com/video/BV1ai4y1o7z5,杀戮尖塔—铁甲战士100连碎心日记（72豹豹毙毙TAT）,62,68.36,79586,865,463,560,65,白夕Seal,"壁垒巩固你罪大恶极！ / 呜呜呜"
2021-11-23,BV14q4y167gM,https://www.bilibili.com/video/BV14q4y167gM,杀戮尖塔—观者100连碎心日记,42,44.96,102185,1211,451,754,91,白夕Seal,“输不了的职业能不能直接赢” / 不换4 不sl开局 不用bug 100连碎心 / 第二次百连观者咯 / 部分录播丢失 计算了以前的30连
2021-10-29,BV1gL4y1z7Kh,https://www.bilibili.com/video/BV1gL4y1z7Kh,豹论尖塔—15分钟玩懂！铁甲战士光速成进阶攻略！,1,0.27,1003418,19192,6224,8093,1329,白夕Seal,简介位招租~（快夸我！）
2021-10-18,BV1Fb4y1h7MS,https://www.bilibili.com/video/BV1Fb4y1h7MS,杀戮尖塔-白夕Seal 十月录播合集,42,49.81,8006,162,147,38,33,白夕Seal,gan gai
2021-09-24,BV1eq4y1P7iq,https://www.bilibili.com/video/BV1eq4y1P7iq,杀戮尖塔-白夕Seal 九月录播合集,50,44.55,16243,269,168,56,61,白夕Seal,夺冠后的第一个月！随机种子70连胜啦！欢迎进群摸摸豹豹，群号：675664157
