datetime,kind,title,text,url
2026-09-06 17:13,LIVE,杀戮尖塔2—豹豹今天豹毙了吗？,,https://t.bilibili.com/1244886023007109123
2026-09-02 17:00,VIDEO,【杀戮尖塔2】第七届猫粮杯表演赛,,https://t.bilibili.com/1243398229144371269
2026-09-02 12:50,VIDEO,杀戮尖塔2—白夕9月录播合集,,https://t.bilibili.com/1243333800354643984
2026-09-01 13:53,VIDEO,雪夜枪声—正式版上线！新上轮盘赌肉鸽！,,https://t.bilibili.com/1242978984487026696
2026-08-22 09:37,VIDEO,杀戮尖塔2—白夕8.7月录播合集,,https://t.bilibili.com/1239202325285830674
2026-08-19 10:00,VIDEO,杀戮尖塔2—这样变2是爽种还是毒种？内马尔幻想中的配合！试试新跃跃欲试！,,https://t.bilibili.com/1238094812133982292
2026-08-18 15:29,VIDEO,杀戮尖塔2—崩坠mod合集,,https://t.bilibili.com/1237808552541683745
2026-08-16 10:00,VIDEO,杀戮尖塔2—111版本Nosl合集,,https://t.bilibili.com/1236981573797019649
2026-08-15 17:00,VIDEO,【杀戮尖塔2】第七届猫粮杯录播合集,,https://t.bilibili.com/1236718708875853896
2026-08-15 10:08,FORWARD,,成功50连胜啦[星星眼]也顺手应该是拿下了第一个全职业nosl10连，最近每天猫粮杯解说比赛结束后会继续尝试挑战一下跨版本Nosl连胜，大概时间会在10点11点左右，每天打3-4局，剩下会打打点播[doge_金箍],https://t.bilibili.com/1236612636068544528
2026-08-14 19:34,VIDEO,杀戮尖塔2—测试版第十三次更新！水温上升！大量卡牌削弱！敌人加强！至亮飞溅爹倒了！,,https://t.bilibili.com/1236387416603885574
2026-08-10 14:37,FORWARD,,[doge_金箍]今天还是6点冲刺世界纪录 看看什么时候豹毙,https://t.bilibili.com/1234826440773468178
2026-08-05 16:51,FORWARD,,提出塔1端口化高手的储君攻略一枚啊[doge_金箍],https://t.bilibili.com/1233005670970687490
2026-08-02 12:00,VIDEO,杀戮尖塔2第七届猫粮杯PV,,https://t.bilibili.com/1231817309412130840
2026-08-02 09:05,VIDEO,杀戮尖塔2—白夕8月录播合集,,https://t.bilibili.com/1231772152127029271
2026-08-01 12:00,VIDEO,杀戮尖塔2—创造历史50连！110版本nosl点播合集,,https://t.bilibili.com/1231446271457230883
2026-07-31 14:35,VIDEO,杀戮尖塔2—测试版第十二更新！毒猎加强！创世之柱回调！大量先古调整！,,https://t.bilibili.com/1231115198165680146
2026-07-28 16:53,FORWARD,,猫粮杯要开始了[doge_金箍]可以注意一下报名时间！,https://t.bilibili.com/1230037444840128518
2026-07-25 16:50,VIDEO,杀戮尖塔2—白夕7月录播合集 下,,https://t.bilibili.com/1228923510754115590
2026-07-23 10:00,VIDEO,杀戮尖塔2—109版本nosl猎点播合集,,https://t.bilibili.com/1228075503779315736
2026-07-22 11:47,VIDEO,杀戮尖塔2—从夯到拉锐评商店遗物！工具箱依然能打，算盘叠已经拉完！,,https://t.bilibili.com/1227732018096242694
2026-07-20 10:00,VIDEO,杀戮尖塔2—毒种点播合集,,https://t.bilibili.com/1226962269780312084
2026-07-18 12:02,VIDEO,卡厄思梦境—二游观者爬塔试玩！,,https://t.bilibili.com/1226251474118377476
2026-07-17 14:52,VIDEO,杀戮尖塔2—测试版第十一更！2个月来最大更新！大量角色关键卡牌遭调整！遗物大改，瓦库加强！,,https://t.bilibili.com/1225924197646073892
2026-07-16 10:18,FORWARD,,[doge_金箍],https://t.bilibili.com/1225482623474728961
2026-07-14 16:49,POST,,终于是回到山东了[委屈]感谢豹白的好多小礼物，但是好像把不该带回山东的也带回山东了[灵魂出窍]新冠阳了，有身体不适的噶人们也可以测测看,https://t.bilibili.com/1224841260302336041
2026-07-12 19:42,POST,,今天bw好累[doge_金箍]来了差不多120个豹白，小礼物都不够了！稍等8点开播！,https://t.bilibili.com/1224143736133386260
2026-07-11 09:37,FORWARD,,出差皮肤这么快就有图图了[doge_金箍]可爱捏,https://t.bilibili.com/1223616670613897224
2026-07-07 07:49,POST,,7.12号中午11:15-12:15可以来近距离观豹[doge_金箍]握握手，握握双手,https://t.bilibili.com/1222104498567118853
2026-07-05 17:50,VIDEO,再见了 所有的爬塔战士！尖塔五大up合唱《One last kiss》看哭一众咔咔，希望噶人们能在以后的日子里享受生活,,https://t.bilibili.com/1221517247675105305
2026-07-05 10:00,VIDEO,杀戮尖塔2—108版本nosl合集,,https://t.bilibili.com/1221395970703491088
2026-07-04 15:44,VIDEO,杀戮尖塔2—测试版第十更！机器人压缩被砍烂！联机新增大量轮椅假卡！,,https://t.bilibili.com/1221113714040635398
2026-07-02 10:00,VIDEO,杀戮尖塔2—白夕7月录播合集,,https://t.bilibili.com/1220282710879109176
2026-07-01 08:55,FORWARD,,终于到了这一天了[doge_金箍]首页老刷到其他人的,https://t.bilibili.com/1219894905356156978
2026-06-28 17:04,VIDEO,杀戮尖塔2—5分钟速通19张储君白卡！来看看你喜欢的卡是不是拉完了？,,https://t.bilibili.com/1218907612620259350
2026-06-25 10:00,POST,,昨晚刚完成了全职业sl百连挑战！[doge_金箍]从5月23号开始，差不多刚好一个月，连胜档目前500多局，一共似了两次，怎么糖似的好难猜啊[星星眼] 各职业大体数据如图，只统计了106 107沙漏版本的局，因mod显示问题，实际储君和亡灵契约师名称需要互换 具体各职业情况为： 储君平均用时43.6分钟 平均卡组大小25张（已排除两局88卡和2257卡克隆大爆炸） 亡灵契约师平均用时43分钟，平均卡组大小27.2张 故障机器人平均用时36.4分钟，平均卡组大小27.2张 战士平均时长33分钟，平均卡组大小24.9张 猎手平均用时44分钟，卡组平均大小33张,https://t.bilibili.com/1217685078115614720
2026-06-20 09:00,POST,,今年第一次有机会被邀请为bw嘉宾啦！谢谢xbx们多年来的支持[给心心] 届时会在7.12号中午11:15到12:15 有1v1见面会，那几天也会在上海和豹白们玩玩逛逛[星星眼] 并且为到场的大家准备了新的小礼物以作纪念，有机会的噶人们可以来现场逮豹哦[doge_金箍],https://t.bilibili.com/1215814190365671425
2026-06-19 09:05,POST,,本周更新是修随机数耦合bug和上创意工坊。以及测试版转正式版，所以应该不用做新的资讯视频了[笑哭]又让安大哥水了一周,https://t.bilibili.com/1215444520381972485
2026-06-15 08:01,VIDEO,杀戮尖塔2—EA测试版储君百连合集（暂时完结）,,https://t.bilibili.com/1213943579658944536
2026-06-12 18:48,VIDEO,杀戮尖塔2—入门必修之：一层路线选择！密林更需要输出！暗港更需要防御！,,https://t.bilibili.com/1212997282395324420
2026-06-08 12:22,VIDEO,杀戮尖塔2—EA测试版亡灵契约师百连合集（暂时完结）,,https://t.bilibili.com/1211413341410426882
2026-06-05 12:57,VIDEO,杀戮尖塔2—测试版第八更！沙漏小削！卡牌微调！内容很少的假装更新！,,https://t.bilibili.com/1210309062368952326
2026-06-04 12:00,VIDEO,杀戮尖塔2—白夕6月录播合集,,https://t.bilibili.com/1209923284077903923
2026-06-03 08:45,POST,,感谢@w茶丸w 画的女鹅！可爱捏！ buff有点吓人了[星星眼][星星眼],https://t.bilibili.com/1209501939199377415
2026-06-03 03:46,VIDEO,杀戮尖塔2—EA测试版机器人百连合集（暂时完结）,,https://t.bilibili.com/1209424857463259136
2026-05-31 12:00,FORWARD,,恭喜@看什么看老子在卷_@陨阳月夕中奖，已私信通知，详情请点击抽奖查看。,https://t.bilibili.com/1208438994918965254
2026-05-30 17:53,VIDEO,卡厄思梦境—国服正式上线！看看豹最近唯一在玩的手游！,,https://t.bilibili.com/1208158958803484712
2026-05-30 03:32,VIDEO,杀戮尖塔2—EA测试版战士泥头车百连合集（暂时完结）,,https://t.bilibili.com/1207936896049610756
2026-05-27 02:04,VIDEO,5.3茶话会【双语字幕ver】,,https://t.bilibili.com/1206801044733952003
2026-05-24 16:48,FORWARD,,还有认真舔游戏的老朋友诈尸环节[doge_金箍],https://t.bilibili.com/1205915727431729177
2026-05-23 12:00,VIDEO,杀戮尖塔2—1.06版本更新 白夕5.7月录播合集,,https://t.bilibili.com/1205470266297155620
2026-05-23 10:00,VIDEO,杀戮尖塔2—EA测试版猎手百连合集（暂时完结）,,https://t.bilibili.com/1205439308191760432
2026-05-22 13:55,VIDEO,杀戮尖塔2—测试版第七更！严肃针对乌龟打法！观者式更新！上版平静，这周该暴怒了！,,https://t.bilibili.com/1205128786315575296
2026-05-14 17:11,VIDEO,杀戮尖塔2—宇宙冷漠是什么杯？（翻唱）,,https://t.bilibili.com/1202210596566597636
2026-05-13 12:27,FORWARD,,[给心心][给心心]谢谢@成田杏仁 画的女鹅！可爱捏！,https://t.bilibili.com/1201766350941323267
2026-05-11 10:00,VIDEO,杀戮尖塔2—5滴血冲刺3精英墨影幻灵！105版本最红利职业！机神归位！,,https://t.bilibili.com/1200986281786474504
2026-05-10 12:00,VIDEO,杀戮尖塔2—白夕5.5月录播合集,,https://t.bilibili.com/1200646167592960004
2026-05-10 10:00,VIDEO,杀戮尖塔2—105新版剑圣最强用法！每回合只出1张牌nosl爆杀女王实验体！,,https://t.bilibili.com/1200615200911261716
2026-05-08 16:19,VIDEO,杀戮尖塔2—测试版第六更！再见了，门小弟！机宝终于加强！新的塞牌Boss！比较满意的一周！,,https://t.bilibili.com/1199970698088415269
2026-05-08 09:27,FORWARD,,谢谢秦晓月画的可爱女鹅[大笑][大笑]好看捏,https://t.bilibili.com/1199864530845302788
2026-05-07 09:30,POST,,老家的樱桃，很漂亮[大笑][大笑]昨晚下雨了，有泥巴，这次没让小狗回来玩[委屈],https://t.bilibili.com/1199494364738355207
2026-05-05 16:51,POST,,每年一次的生日会要到咯！感谢大家一直以来的支持[doge_金箍] 时间就在五月七日晚6点啦！,https://t.bilibili.com/1198865839236841475
2026-05-04 19:23,POST,,因为近期茶话会启发，在这里试试简单统计一下大家的对各职业的观点。 我发起了一个投票杀戮尖塔2 目前103和104版本最不满意的职业 首先，目前版本的尖塔即便是0.104，说到底对比塔1因为没有心脏层仍然是难度较低的。 我个人是没什么不满意的，因为我不反感打毒种，反而是爽种玩多了就腻了，塔2作为新东西，经常每天直播9小时下来也会有新的体验，比如发开酒壶，开发烘焙手套，预借时间倾泻。同样相信深度玩家在学习或练习后也是可以适应游戏难度打出不错成绩的。 但正如安东尼那边的统计数据轻度玩家占大头，同理轻度玩家也绝对是最应该影响游戏平衡的部分，游戏可以有深度，但不能有太高的上手难度最理想的所谓易学难精正是如此。 所以我在考虑对拉斐尔的反馈意见时（无法直接联系安东尼），会更多参考粉丝的意见，也只需要对观众负责，同样无力获取到能力之外的信息或数据，所以至少在这里用b站功能收集一下现在大家最不满意的职业，表达一个态度。 本周五门扉应该就会有较大改动，这个应该可以确定，也希望尖塔2后续更新能平稳进行。,https://t.bilibili.com/1198533932787695616
2026-04-30 18:01,VIDEO,雪夜枪声—俄罗斯轮盘赌肉鸽！但子弹杀伤力不如嘴臭！,,https://t.bilibili.com/1197028258997075993
2026-04-29 13:42,VIDEO,杀戮尖塔2—最感人的一次联机！双双复制卡组+吃大蘑菇！被看门狗血入100血翻盘！,,https://t.bilibili.com/1196590597529403395
2026-04-27 12:00,VIDEO,杀戮尖塔2—白夕五月录播合集,,https://t.bilibili.com/1195821983055478917
2026-04-26 18:00,VIDEO,杀戮尖塔2—瓦库遗物详解！瓦出不是区！大门扉版本最翻身之人！103版本攻略已略微过期,,https://t.bilibili.com/1195543776524763238
2026-04-24 13:26,VIDEO,杀戮尖塔2—测试版第五更！门扉大人又活了一个版本！风平浪静的一周！,,https://t.bilibili.com/1194730992609263621
2026-04-23 18:00,POST,,小狗cos兰韦德了 可能误食了根针线 先送医院看看 回来播[大哭],https://t.bilibili.com/1194430448032284704
2026-04-23 16:55,VIDEO,杀戮尖塔2—罕见飞鞋毒种！精妙的地图设计让猎豹无处可逃！,,https://t.bilibili.com/1194413800729608231
2026-04-21 15:24,VIDEO,杀戮尖塔2—大门扉时代各职业迎来大变？从极端把把洁到极端把把均！103版本攻略,,https://t.bilibili.com/1193648102552109089
2026-04-18 15:28,POST,,天才设计之：跳过键和打开设置sl的键是同一个esc[大笑][大笑] 昨天晚上连胜紫人诅咒金卡开局按esc想SL，导致相当于点了跳过白吃诅咒开的原因找到了[傲娇] 大家可以在连胜惨剧前自己改改设置,https://t.bilibili.com/1192535937907687429
2026-04-17 14:29,VIDEO,杀戮尖塔2—佩尔遗物详解！最不可不尝的克隆猴戏！099版本攻略已过期,,https://t.bilibili.com/1192149545487695892
2026-04-17 12:48,FORWARD,,[笑哭]悲报，今天测试版实装到正式版了，具体改动可以看看前几期视频， 战士：削弱加费和怨恨抽牌，巨幅加强易伤流 猎手：奇巧大幅削弱，杂技升蓝，出现数量少60%，运转不动基本要均卡防哈 储君：削弱辉光加费和星位序列，限制无限，大幅加强铸剑和白卡过渡池 巫妖：违逆削弱，需要抓复数张，预借时间重做，打法以均卡数值为主 机宝：电流相生，热修复削弱，火箭拳小加强,https://t.bilibili.com/1192123586710601729
2026-04-16 13:48,POST,,家附近停电了！6点来电！[笑哭] 晚上得晚点来了[脱单doge] 图图@w茶丸w,https://t.bilibili.com/1191767980598362135
2026-04-15 14:15,FORWARD,,可爱捏 [星星眼][星星眼][星星眼]谢谢豹白画的女鹅,https://t.bilibili.com/1191403934839734273
2026-04-14 13:53,POST,,"近期问的比较多的两个问题， 1.尖塔2sl后自动打开垂直同步导致游戏掉帧： 复制打开 %APPDATA%\SlayTheSpire2\steam\ 里面有一个文件夹是你 steam 的 ID 有个 settings.save 文件 用任意文本编辑器打开 图1 找到 ""vsync"" 行 本来应该是 off，改成 on 2.图2 联机时和队友不需要安装同mod也能启动的辅助工具，小黑盒自带 可爱图3感谢豹白@步行桔梗",https://t.bilibili.com/1191027047210680327
2026-04-12 14:36,VIDEO,杀戮尖塔2—为什么说预借时间加强了？预借时间教学局！打开思路的均卡之神！,,https://t.bilibili.com/1190296022295773193
2026-04-11 17:00,VIDEO,杀戮尖塔2—白夕四月录播合集,,https://t.bilibili.com/1189961972616003584
2026-04-11 13:07,FORWARD,,谢谢@又是另一个小号 画的女儿[大笑] 愉悦的表情对吗,https://t.bilibili.com/1189901916080963588
2026-04-11 12:00,VIDEO,杀戮尖塔2—欧洛巴斯遗物详解！把把幻想注能异虾的大眼睛！099版本攻略已过期,,https://t.bilibili.com/1189884731923103799
2026-04-10 13:42,VIDEO,杀戮尖塔2—测试版第四更！逆天杂技升蓝！门扉活下来了！设计思路为前期难度转移至后期！,,https://t.bilibili.com/1189539970615869463
2026-04-08 10:42,VIDEO,杀戮尖塔2—一层烧10种子毒种！安东尼幻想中的幽灵种子！猴戏遗物！,,https://t.bilibili.com/1188751272868577284
2026-04-07 12:13,VIDEO,卡厄思梦境—萌新该怎么培养角色？记忆碎片一分钟讲完！新手入坑攻略！,,https://t.bilibili.com/1188403840114753561
2026-04-05 17:00,VIDEO,杀戮尖塔2—典中典之跟病姐联机开dps检测开局飞溅女妖已成哀兵但三冰蛋跟踪化身跟踪狂卧薪尝胆哀兵必胜偷吃相信华丽一刀480逆袭成功！,,https://t.bilibili.com/1187735461538299906
2026-04-05 12:34,VIDEO,杀戮尖塔2—删牌死贵！大卡组王朝了！测试版第三次更新试水合集！,,https://t.bilibili.com/1187667115764613122
2026-04-03 16:09,VIDEO,杀戮尖塔2—测试版第三次更新！有啥必要继续加强门扉吗？预借时间重做！,,https://t.bilibili.com/1186980182974529538
2026-03-31 17:38,VIDEO,杀戮尖塔2—特兹卡塔拉遗物详解！一进二最爱的稻草人！099版本攻略已过期,,https://t.bilibili.com/1185889879790190612
2026-03-30 19:57,VIDEO,杀戮尖塔2—近期关于测试版与制作组谣言的再次澄清,,https://t.bilibili.com/1185554520125472804
2026-03-29 12:22,VIDEO,杀戮尖塔2—攻哈战之特有的捡垃圾吃然后变成爽种！,,https://t.bilibili.com/1185066276856266755
2026-03-28 16:47,VIDEO,卡厄思梦境—最保值！常驻池角色限伤70%依然T0！开服角色推荐！,,https://t.bilibili.com/1184763400004042804
2026-03-27 13:42,VIDEO,杀戮尖塔2—测试服第二次更新！点名感谢中国玩家的反馈！背包回调，门扉重做！最听劝的一集！,,https://t.bilibili.com/1184344636433367041
2026-03-26 12:39,VIDEO,杀戮尖塔2—重大发现！走问号甚至要跳过金币，要做的不止防摔！新塔学必修之事件池！,,https://t.bilibili.com/1183957324896665604
2026-03-24 20:21,FORWARD,,帮转,https://t.bilibili.com/1183334425765609481
2026-03-24 17:00,VIDEO,卡厄思梦境—玩法新颖的二次元杀戮尖塔！二游里罕见的可玩性！,,https://t.bilibili.com/1183282426566148149
2026-03-24 03:03,VIDEO,杀戮尖塔2—白夕3月末4月录播合集,,https://t.bilibili.com/1183066767724904457
2026-03-21 04:31,VIDEO,杀戮尖塔2—测试版体验合集,,https://t.bilibili.com/1181976279796154373
2026-03-20 14:01,VIDEO,杀戮尖塔2—测试版第一次更新就守护老冯？好卡全削怪物加强！评论区大大方方骂官方能看到！,,https://t.bilibili.com/1181752112536616963
2026-03-20 12:52,POST,,测试版的更新速览大概下午出，看到大伙都在攻击安东尼我就放心了[doge_金箍] 标题简介都起好了，要是大伙不骂我不就尬住了[呲牙],https://t.bilibili.com/1181734219739561984
2026-03-18 14:32,FORWARD,,[doge_金箍]最近好多人问录播在哪，最近的连胜录播基本都在这里更新,https://t.bilibili.com/1181017840670474257
2026-03-18 12:00,VIDEO,杀戮尖塔2—转发给你的兄弟，尖塔联机不是谁胡了就结束了！,,https://t.bilibili.com/1180978644802076761
2026-03-16 18:53,VIDEO,杀戮尖塔2—牌序塔学还没死透！药水掉率比一代更高！从塔1到塔2大变的塔学知识！,,https://t.bilibili.com/1180342938058620937
2026-03-16 10:11,FORWARD,,怪还原的[大笑],https://t.bilibili.com/1180208320909148162
2026-03-16 02:27,VIDEO,杀戮尖塔2—先行杯竞速合集！,,https://t.bilibili.com/1180088946625871876
2026-03-13 11:22,VIDEO,杀戮尖塔2—目前最快！11:52储君A10速通！放出这局害了多少萌新走上铸剑的歪路！,,https://t.bilibili.com/1179113572440997897
2026-03-12 12:00,VIDEO,杀戮尖塔2—10分速通亡灵契约师！40张卡学会骨掌祭契人！抛弃灾厄流召唤流之名！099版本攻略已过期,,https://t.bilibili.com/1178752129457717253
2026-03-12 10:58,FORWARD,,好快的比赛 [doge_金箍][doge_金箍]豹豹要上场了,https://t.bilibili.com/1178736233755443208
2026-03-11 14:46,VIDEO,杀戮尖塔2—新版战士第一课！3固有杂耍攻杀！一层无惧耸肩卡我攻哈了！,,https://t.bilibili.com/1178423787772706837
2026-03-10 20:28,VIDEO,杀戮尖塔2—静默猎手在塔2到底更新了什么！快速发现强势新卡！最可能是最强职业的一位！,,https://t.bilibili.com/1178140839665205254
2026-03-10 11:39,FORWARD,,[doge_金箍]还有大制作,https://t.bilibili.com/1178004659094159364
2026-03-09 18:39,VIDEO,杀戮尖塔2—第一次联机！注意事项竟然是ban猎人？,,https://t.bilibili.com/1177741858644688913
2026-03-09 13:10,VIDEO,杀戮尖塔2—塔2比一代都改动了什么？塔学大凋零时代！保护精英竟真是对的！神の精准预言！,,https://t.bilibili.com/1177657080304107544
2026-03-08 17:37,FORWARD,,我怎么今天才看到[大笑][大笑],https://t.bilibili.com/1177354718900387874
2026-03-08 10:14,FORWARD,,全进阶录播已传[doge_金箍]晚点把漏的补上,https://t.bilibili.com/1177240524284756005
2026-03-08 09:48,POST,,播了21小时力竭下播了！勉强算是把进阶爬完了[灵魂出窍]接下来我将立刻睡猪，天选中奖的噶人们等我启动，可以先玩着等我晚点报销。[doge_金箍] 录播合集已上传，体验下来塔2的玩法花样真的很多！不过新视频也得等我启动了，点赞太快了谁来都一样[灵魂出窍][灵魂出窍],https://t.bilibili.com/1177233905752735760
2026-03-07 19:09,VIDEO,杀戮尖塔2—机器人在塔2到底更新了什么！快速发现强势新卡！攻哈启动！机宝真的不是区了！,,https://t.bilibili.com/1177007281827479588
2026-03-06 12:14,VIDEO,杀戮尖塔2—铁甲战士在塔2到底更新了什么！快速发现强势新卡！最版本红利的卡牌竟然是完美打击？？？,,https://t.bilibili.com/1176529221892177929
2026-03-06 06:08,VIDEO,杀戮尖塔2—全职业进阶开荒合集！,,https://t.bilibili.com/1176435024650567688
2026-03-05 20:06,FORWARD,,[doge_金箍]辛苦拉斐尔,https://t.bilibili.com/1176279929091784726
2026-03-03 12:00,VIDEO,杀戮尖塔—转经轮棱镜狗圈不跳牌！还必须换着职业拿！抓牌=赤石！会赢吗？,,https://t.bilibili.com/1175412362904076369
2026-02-28 12:43,VIDEO,杀戮尖塔—白夕Seal 26年3月尖塔1录播合集,,https://t.bilibili.com/1174310214122340359
2026-02-21 14:33,VIDEO,杀戮尖塔—尖塔2发布日期定档3月5日！机宝复活！官方联机模式！全新稀有度卡牌！还能在尖塔里玩扫雷！,,https://t.bilibili.com/1171740874530357271
2026-02-20 11:43,FORWARD,,新预告片 ！[星星眼][星星眼]故障机器人复活了 似乎还有官方联机模式,https://t.bilibili.com/1171326204036251654
2026-02-16 20:00,VIDEO,【杀戮尖塔】塔区春晚，你画我猜,,https://t.bilibili.com/1169969780331905171
2026-02-14 09:15,FORWARD,,好可爱捏[星星眼][星星眼],https://t.bilibili.com/1169061386141040647
2026-02-12 12:00,VIDEO,杀戮尖塔—白夕Seal 26年2.5月录播合集,,https://t.bilibili.com/1168361714501025845
2026-02-10 18:00,VIDEO,杀戮尖塔—尖塔到底有多少BUG？浅谈二代是否会保留塔1“特性”！,,https://t.bilibili.com/1167712375573315696
2026-02-01 12:00,VIDEO,杀戮尖塔—白夕Seal 26年2月录播合集,,https://t.bilibili.com/1164279777600733239
2026-02-01 11:00,VIDEO,杀戮尖塔—唯二输出卡双毒雾战弟勇！发育爆炸 残血当当当惊天翻盘！,,https://t.bilibili.com/1164264315693301761
2026-01-30 13:25,FORWARD,,本周末还有比赛哦[doge_金箍],https://t.bilibili.com/1163559588845322241
2026-01-27 12:00,VIDEO,杀戮尖塔—尖塔2最新改动！玩家：石！设计师：太强了，砍一半！,,https://t.bilibili.com/1162424356015439878
2026-01-26 12:00,VIDEO,杀戮尖塔—连胜也能如此基米吗？看看人能被狗圈逼成什么区样子！,,https://t.bilibili.com/1162053270821142550
2026-01-23 16:52,FORWARD,,[doge_金箍]鸡煲勇杯正赛环节圆满结束了 我说都给我去看最后一集,https://t.bilibili.com/1161015456395427849
2026-01-23 06:21,VIDEO,杀戮尖塔—鸡煲勇杯总决赛,,https://t.bilibili.com/1160852805968199684
2026-01-16 12:04,POST,,忘记发发新封面了[给心心]可爱捏[星星眼],https://t.bilibili.com/1158343428430364673
2026-01-14 17:00,VIDEO,月圆之夜—八年前玩的卡牌肉鸽，今天怎么样了？,,https://t.bilibili.com/1157677558127394873
2026-01-12 12:53,VIDEO,杀戮尖塔—鸡煲勇杯 赛事录播合集,,https://t.bilibili.com/1156871899605630999
2026-01-11 12:40,FORWARD,,比赛提前到今天晚上7点！[doge_金箍]记得关注一下哦,https://t.bilibili.com/1156497391334981655
2026-01-07 12:07,VIDEO,杀戮尖塔—尖塔2新角色月报放出！用老机制玩新花样！但能看出官方已经在努力做差异化！,,https://t.bilibili.com/1155004507976892421
2026-01-06 15:06,POST,,最近视频有点多！今天小鸽！[委屈][委屈]再次提醒大家可以关注一下上条动态o总举办的比赛，冠军奖金有1万新高！ 附昨天摔腿豹豹去医院看病美图[傲娇],https://t.bilibili.com/1154679550689411077
2026-01-03 11:55,POST,,尖塔鸡煲勇杯！堂堂开赛！ 在海报的最后有报名的QQ群，请各位注意以及留意，报名截止时间为1月5日晚上10点 第一届鸡煲勇杯，现在开始报名啦！尖塔2在今年3月就要出来了，希望大家积极参赛，为这一切画上一个完美的句号吧！ 这次的比赛由@白夕Seal ，@大白美菜子 @破碎的星光brkstar 来担任解说！欢迎大家积极报名参加这次的比赛！ 希望大家玩的开心，看的也开心！ 感谢主办方@oldenter ！老板大气！,https://t.bilibili.com/1153516988995207188
2026-01-02 11:16,VIDEO,杀戮尖塔—2026年1月白夕Seal录播合集,,https://t.bilibili.com/1153135892212219913
2025-12-27 13:41,VIDEO,杀戮尖塔—极度罕见一层金冠毒种机！绝境当当当35血战心脏！undo初显威！,,https://t.bilibili.com/1150946902019145749
2025-12-26 08:28,POST,,一时兴起了[星星眼][星星眼]只有玩过卡农斯的豹白才知道的含金量。超级特级豹炸级百万撤离！,https://t.bilibili.com/1150495058540101633
2025-12-25 09:44,POST,,圣诞快乐鸭噶人们[doge_金箍]再次感谢@秦晓月_姬恒 画的女鹅贺图！[星星眼]好高的完成度！漂亮捏！,https://t.bilibili.com/1150143506882232329
2025-12-23 09:58,POST,,感谢@秦晓月_姬恒 的豹豹表情包[doge_金箍] 还有明天要发的可爱女鹅圣诞贺图[给心心][给心心][给心心]感谢所有支持我的农珠这一块[星星眼]传神这一块[脱单doge],https://t.bilibili.com/1149404970112516119
2025-12-22 12:00,VIDEO,杀戮尖塔—2025白夕Seal12.6月录播合集,,https://t.bilibili.com/1149065259632295971
2025-12-19 16:56,POST,,不知不觉​又是尖塔公务员的一年[大笑][大笑] 今年是2w+豹白的年度挚爱，听说最高有12w分钟的真得出来露个脸， 我说感谢所有支持我的农珠，祝大家在新的一年也绝不认输你二龙吗？[给心心][给心心],https://t.bilibili.com/1148028351487672326
2025-12-15 19:26,FORWARD,,拉斐尔的明日方舟比赛[doge_金箍]玩舟可以看看,https://t.bilibili.com/1146582682681999360
2025-12-14 17:06,VIDEO,杀戮尖塔—塔2最新新卡锐评！官方终于放有效内容了！,,https://t.bilibili.com/1146175532661997575
2025-12-09 11:38,VIDEO,凛冬前线—取悦自己卡牌肉鸽录播合集,,https://t.bilibili.com/1144235508790984708
2025-12-03 12:00,VIDEO,杀戮尖塔—2025白夕Seal12月录播合集,,https://t.bilibili.com/1142014740108673047
2025-12-01 06:22,VIDEO,杀戮尖塔—东南大学校内赛 绿耄杯 战士猎手决赛,,https://t.bilibili.com/1141185386269114372
2025-11-28 18:00,VIDEO,凛冬前线—卡牌肉鸽新秀正式版发布！愿望单上挂了半年终于等到了！,,https://t.bilibili.com/1140252192955957296
2025-11-26 12:00,VIDEO,杀戮尖塔—2025白夕Seal11.8月录播合集,,https://t.bilibili.com/1139417045119533104
2025-11-25 17:00,VIDEO,爱音也能看懂的《卡厄思梦境》新手向入坑教学,,https://t.bilibili.com/1139123286549987366
2025-11-24 10:57,POST,,@秦晓月_姬恒 画的女鹅[doge_金箍] 一股碧蓝味[大笑] 感觉xbx都是搞艺术的高手[打call][打call],https://t.bilibili.com/1138658820186177542
2025-11-19 16:43,POST,,感穿冒烂了[冷]嗓子痛，今天小鸽[委屈] 最近降温，小心感冒入烂[生病],https://t.bilibili.com/1136892502000795648
2025-11-14 10:00,VIDEO,卡厄斯梦境—二次元爬塔手游录播合集！,,https://t.bilibili.com/1134933099296063491
2025-11-11 19:19,VIDEO,杀戮尖塔—点评二代战士猎手新卡！设计疑似过于保守！,,https://t.bilibili.com/1133963944191328263
2025-11-06 15:53,VIDEO,杀戮尖塔—突破历史！7小时蠕动毒种猎！,,https://t.bilibili.com/1132055522722185219
2025-11-04 10:42,VIDEO,白夕seal连线指导白日梦尖塔全过程梳理,,https://t.bilibili.com/1131233096600911873
2025-11-03 12:00,VIDEO,杀戮尖塔—2025白夕Seal11月录播合集,,https://t.bilibili.com/1130882133335736328
2025-11-01 18:37,VIDEO,杀戮尖塔—塔2美少女新职业卡牌详解！机制丰富！但既视感有点强！,,https://t.bilibili.com/1130242320706306073
2025-10-30 00:00,POST,,好图我发[大笑],https://t.bilibili.com/1129212366032994324
2025-10-27 09:55,FORWARD,,省流：加纳,https://t.bilibili.com/1128252462336049155
2025-10-26 13:42,POST,,肝到凌晨一点[委屈]！噶人们我帮豹白赢奖金回来了！[doge_金箍]3500元奖金将全部在近日晚上的直播中，给大家分成35元红包送出！ 再次感谢@蛋炒饭-轮盘英雄开发 游戏官方！ 真的超大气！ 本来成绩结算应该是晚上24点，后来额外增设了这个专门的BUG奖！ 目前轮盘英雄在steam售价32.4元 也很推荐喜欢肉鸽大家尝试一下！[大笑],https://t.bilibili.com/1127939685640830978
2025-10-26 10:20,VIDEO,轮盘英雄—比赛本来想7万分摆烂但作者到我直播间督战这一块，到了半夜就拿出真本事！,,https://t.bilibili.com/1127887746604466227
2025-10-23 10:05,VIDEO,卡厄思梦境—画风超精致的美少女版杀戮尖塔！竟然还把黑暗地牢压力条做成福利系统了？,,https://t.bilibili.com/1126770556894445569
2025-10-21 12:00,VIDEO,杀戮尖塔—2025白夕Seal10.5月录播合集,,https://t.bilibili.com/1126057974575398997
2025-10-18 17:05,VIDEO,杀戮尖塔—干手冻蛋机器人！但一步一个诅咒！年度仙术局！这也能赢？,,https://t.bilibili.com/1125023467278696467
2025-10-16 08:17,VIDEO,轮盘英雄—肉鸽佳作试玩！故障机器人玩幸运房东？？,,https://t.bilibili.com/1124145288174370818
2025-10-14 12:00,VIDEO,杀戮尖塔—酷炫领域展开mod！鸡煲虽然没强度！但是有特效啊！,,https://t.bilibili.com/1123460459941331016
2025-10-10 18:30,VIDEO,杀戮尖塔—塔2跳票明年！锐评放出的新卡！作者最喜欢的卡竟是阿尔法不如？,,https://t.bilibili.com/1122076535604379680
2025-10-09 16:58,VIDEO,【杀戮尖塔】肉鸽杯决赛表演赛：解说vs冠军！,,https://t.bilibili.com/1121681939746521093
2025-10-09 14:53,VIDEO,杀戮尖塔—a20观者速通偶遇精确对轴！出现两个321概率很低！但不为0！,,https://t.bilibili.com/1121649740377751558
2025-10-06 19:04,VIDEO,杀戮尖塔—盘点观者重做史！机制左右脑互搏最终数值代替思考的职业！（下）,,https://t.bilibili.com/1120601029616861193
2025-10-04 19:25,VIDEO,杀戮尖塔—盘点观者重做史！机制左右脑互搏最终数值代替思考的职业！（上）,,https://t.bilibili.com/1119864335357706249
2025-10-03 13:58,VIDEO,杀戮尖塔—2025白夕Seal10月录播合集,,https://t.bilibili.com/1119408961424982017
2025-09-28 18:00,VIDEO,【杀戮尖塔】rogue杯进阶二十竞速赛,,https://t.bilibili.com/1117615877013897334
2025-09-27 00:32,FORWARD,,//@白夕Seal:又有新比赛啦 [大笑][大笑]大家可以关注一下！[星星眼]今天比赛哦,https://t.bilibili.com/1116974681397657641
2025-09-25 19:06,VIDEO,杀戮尖塔—盘点战士加强史！唯一被制作组机制杀的职业！,,https://t.bilibili.com/1116519749823496199
2025-09-23 18:55,VIDEO,杀戮尖塔—盘点猎手加强史！尖塔史上加强最大的职业？从路边半条到绿色观者！,,https://t.bilibili.com/1115774624526762072
2025-09-20 18:55,VIDEO,杀戮尖塔—盘点机器人被削弱的神卡！鸡煲也曾不是搞笑职业！全盛形态的鸡煲到底长啥样?,,https://t.bilibili.com/1114661519368388643
2025-09-18 11:48,VIDEO,杀戮尖塔—2025白夕Seal9.5月录播合集,,https://t.bilibili.com/1113809110079373336
2025-09-17 16:23,VIDEO,寻找伪人—我真的分不清啊啊啊啊啊！白夕实况合集,,https://t.bilibili.com/1113508956273115140
2025-09-17 12:00,VIDEO,杀戮尖塔—多次豹毙后的桌游进阶9体验！开一键扫荡了！,,https://t.bilibili.com/1113441121606828144
2025-09-16 07:49,VIDEO,丝之歌—以防你不知道钉刺机也能打断死亡收割...,,https://t.bilibili.com/1113005319865237525
2025-09-14 12:22,VIDEO,杀戮尖塔—如果人类没有发明空调...静默猎手会？,,https://t.bilibili.com/1112333556855603216
2025-09-14 08:48,VIDEO,尖塔桌游—机器人＞＞观者！我怎么会做这样的梦！,,https://t.bilibili.com/1112278388027949058
2025-09-13 09:50,FORWARD,,又有新比赛啦 [大笑][大笑]大家可以关注一下！[星星眼],https://t.bilibili.com/1111923228608036871
2025-09-12 10:11,VIDEO,"杀戮尖塔—像空调这样的奢侈品摧毁了12abcd。因为有空调,所以他们拿起遥控器,他们无法听到豹毙的到来",,https://t.bilibili.com/1111557786980843537
2025-09-10 19:30,VIDEO,爱音也能看懂的尖塔调牌序教学,,https://t.bilibili.com/1110959498036510745
2025-09-10 11:43,VIDEO,尖塔救援—6.xbx：绝望牢头，过了就当豹白苞米！豹豹：豹白＞丝之歌！,,https://t.bilibili.com/1110839131614740487
2025-09-05 15:32,VIDEO,丝之歌—前世五门高手，重活一世竟拿到菜农剧本？实况合集（完结）,,https://t.bilibili.com/1109042894671446016
2025-09-04 17:00,VIDEO,尖塔救援—5.xbx：爆发强大，但太不持久了！豹豹：药物治疗！,,https://t.bilibili.com/1108694323750240279
2025-09-02 14:47,VIDEO,尖塔救援—4.xbx：我打的全错！豹豹：你打的全对！但是对金字塔爹不孝＜一切！,,https://t.bilibili.com/1107917943977541635
2025-08-31 17:00,VIDEO,尖塔救援—3.xbx：卡组太小卡我华丽了！豹豹：数学这一块害得加强！,,https://t.bilibili.com/1107209983004508162
2025-08-29 12:46,VIDEO,杀戮尖塔—2025白夕Seal9月录播合集,,https://t.bilibili.com/1106402464743030823
2025-08-29 12:36,VIDEO,尖塔救援—2.xbx：牢头好蓝玩！心脏好蓝玩！豹豹：区区绝境，看看豹如何轻松化解！,,https://t.bilibili.com/1106399870603755543
2025-08-28 17:00,VIDEO,尖塔救援—1.xbx：萌新矛盾血入！心脏sl一小时！ 豹豹：机器人也能如此转转吗？,,https://t.bilibili.com/1106096727489773588
2025-08-26 15:31,POST,,新活！救存档！[doge_金箍] 碰巧前几天有xbx苞大米点播主播用同一套牌能不能复仇老头，遂发现还有这种活哦。 正好最近缺点视频素材，如果有xbx遇到卡关的种子，比如怎么sl都过不去，但感觉有希望的，可以在尖塔文件中找到saves文件夹，把那一局的存档文件发送至豹豹的邮箱2848708732@qq.com [大笑] 我们杀戮尖塔也要有自己的解残局！另外如果成功入选上视频还有红豹奖励哦！,https://t.bilibili.com/1105331630647541781
2025-08-26 15:30,VIDEO,七日世界禁区—下次打游戏最好不要让主播开车...,,https://t.bilibili.com/1105331312819961880
2025-08-26 13:55,VIDEO,杀戮尖塔—中国語は不安です,,https://t.bilibili.com/1105306835799244851
2025-08-23 10:00,VIDEO,杀戮尖塔—机器人圆梦300连！机黑说话！,,https://t.bilibili.com/1104133064187969590
2025-08-22 12:00,VIDEO,蠕行的恐惧：克苏鲁选—只会侦探突突枪！肘击古神的来了！,,https://t.bilibili.com/1103792949979774976
2025-08-21 21:02,VIDEO,杀戮尖塔—典中典之最能骗弹幕的问题！详解冰寒裂变电双敲不敲！,,https://t.bilibili.com/1103561562908524568
2025-08-20 15:12,VIDEO,蠕行的恐惧：克苏鲁选集—多段突突战士＞蠕动匍匐观者是对的！,,https://t.bilibili.com/1103100270564343815
2025-08-19 20:04,VIDEO,杀戮尖塔—萌新必修！详解一层路线选择！精英和火堆谁更重要？,,https://t.bilibili.com/1102804407432511507
2025-08-18 20:55,VIDEO,杀戮尖塔—开局选项怎么选？普通遗物和一组无色蓝谁更好？,,https://t.bilibili.com/1102446417635442692
2025-08-17 18:00,VIDEO,杀戮尖塔—中华兄贵又一力作！买内切来删的概率很低！但绝不是零！,,https://t.bilibili.com/1102030291130646595
2025-08-17 15:31,VIDEO,蠕行的恐惧：克苏鲁选集—新dlc！每个肉鸽游戏的必经之路！切姿态加伤！观者行为！,,https://t.bilibili.com/1101992044418564104
2025-08-15 02:46,VIDEO,杀戮尖塔—故障机器人冲刺300连胜合集！hui赢的！,,https://t.bilibili.com/1101052713604481024
2025-08-14 12:00,VIDEO,七日世界禁区—开疆拓土学不会，那就爱会白子吧~,,https://t.bilibili.com/1100824229963628547
2025-08-13 18:58,FORWARD,,[doge_金箍]桌游尖塔奇兵豪华版已经上架了，这已经是断货的第二次重印了，豪华版超大盒自带收纳牌垫金属币，有尖塔情怀的家人们可以考虑入手收藏一份，现在活动到手只要848,https://t.bilibili.com/1100560948478869521
2025-08-12 14:30,VIDEO,杀戮尖塔—2025以来最毒机！这冰冷的世界，唯有123还有一丝温度！,,https://t.bilibili.com/1100120765815062531
2025-08-08 18:55,VIDEO,杀戮尖塔—12000小时萌新，但第一次玩尖塔！尖塔桌游开箱介绍！,,https://t.bilibili.com/1098704732277440528
2025-08-03 12:23,VIDEO,七日世界-禁区：自闭内敛社恐豹玩生存大逃杀！豹黑太多了！,,https://t.bilibili.com/1096748318846877698
2025-08-03 12:00,VIDEO,杀戮尖塔—2025白夕Seal8月录播合集,,https://t.bilibili.com/1096742288725377027
2025-08-01 19:23,VIDEO,杀戮尖塔—香炉怎么卡？蛇眼怎么用？再也不要怕一手3费！,,https://t.bilibili.com/1096114463317164040
2025-07-26 12:30,VIDEO,杀戮尖塔—机器人给观者送礼物了！什么？？礼物是5层Ai？?,,https://t.bilibili.com/1093781286723518503
2025-07-25 12:00,VIDEO,杀戮尖塔—算算命，算算豹命！,,https://t.bilibili.com/1093402479186411574
2025-07-25 08:54,POST,,好像有不少人想要小图，那就再放一遍[给心心],https://t.bilibili.com/1093354779299545090
2025-07-24 21:42,VIDEO,杀戮尖塔—机器人观者商店遗物购买率统计！会员卡已经不是第一遗物了？,,https://t.bilibili.com/1093181516054265881
2025-07-23 17:36,VIDEO,杀戮尖塔—战士商店遗物购买率统计！平均181局买一次树枝？？？,,https://t.bilibili.com/1092746908297855016
2025-07-18 11:32,VIDEO,杀戮尖塔—2025白夕Seal7.5月录播合集,,https://t.bilibili.com/1090797761906868281
2025-07-14 15:30,VIDEO,杀戮尖塔—结茧羽化谁更强？乱战其实是垃圾？无色卡池解析！,,https://t.bilibili.com/1089374650285162520
2025-07-10 00:51,FORWARD,,完成度好高的基米乳机视频[大笑],https://t.bilibili.com/1087663818772840465
2025-07-08 12:31,VIDEO,杀戮尖塔—粉丝：鏖战心脏数小时，艰难战胜！豹豹：二层敲4张打防防复制啊噶人们！,,https://t.bilibili.com/1087102238947540995
2025-07-06 12:00,VIDEO,杀戮尖塔—200连胜机器人也玩重编程？8血出矛盾！1血反杀心脏！噶人们我好孩怕！,,https://t.bilibili.com/1086351933925490740
2025-07-04 13:39,VIDEO,杀戮尖塔—晚尖食堂：4.有故障的机器人是输不了的游戏！,,https://t.bilibili.com/1085635254164652052
2025-07-03 17:27,VIDEO,杀戮尖塔—如何双持养仪式匕首？加速模式竟然会减速游戏！塔2发布在即，但冷知识特别篇！,,https://t.bilibili.com/1085323104560873493
2025-07-02 18:19,POST,,小狗狗这辈子直了[笑哭] 拍了片子说什么大事 先观察,https://t.bilibili.com/1084965286565642243
2025-07-01 12:00,VIDEO,杀戮尖塔—2025白夕Seal7月录播合集,,https://t.bilibili.com/1084496435026591744
2025-06-30 13:26,VIDEO,杀戮尖塔—5000小时一见！你见过124x15的心脏吗？并非整活！实乃机器人反抗命运不公的不屈精神！,,https://t.bilibili.com/1084147739489468449
2025-06-30 11:26,FORWARD,,典中典之冠军办比赛来咯[doge_金箍],https://t.bilibili.com/1084116596683702305
2025-06-29 13:29,VIDEO,杀戮尖塔—复制一张防御被人唠一辈子！问号全是复制神龛怎么不开心呢？阴穿间烂，会赢吗？,,https://t.bilibili.com/1083777255615758337
2025-06-27 14:52,VIDEO,杀戮尖塔—采访制作组！塔2情报披露总结！,,https://t.bilibili.com/1083056551559692288
2025-06-26 11:32,FORWARD,,可爱捏[大笑][大笑][给心心][给心心],https://t.bilibili.com/1082633986873753652
2025-06-25 20:42,VIDEO,杀戮尖塔—万小时玩家纯净数据统计！谁才是干精英高手？每层你会走多少火堆？问号？,,https://t.bilibili.com/1082404472409292849
2025-06-25 20:00,VIDEO,第六届猫粮杯冠军表演赛（中英双语）,,https://t.bilibili.com/1082393653386674275
2025-06-23 11:00,VIDEO,【杀戮尖塔猫粮杯6】决赛,,https://t.bilibili.com/1081512420614078465
2025-06-21 13:50,FORWARD,,昨天最后一个bo5真的精彩[doge_金箍]不能错过,https://t.bilibili.com/1080814028850200616
2025-06-20 00:18,FORWARD,,有想问制作组的话可以看看评论区问卷[doge_金箍],https://t.bilibili.com/1080233598401904646
2025-06-18 18:00,VIDEO,杀戮尖塔—有个女性职业完全没过牌，但一张牌6段伤害秒满血老头，你知道是谁~,,https://t.bilibili.com/1079765176386846835
2025-06-17 21:18,VIDEO,杀戮尖塔—诅咒钥匙退居二线？风筝没你想的那么简单？600局猎手连胜纯净数据分析！,,https://t.bilibili.com/1079445149769007138
2025-06-16 10:24,FORWARD,,[doge_金箍]之前因为流程没走被限了 捞一下,https://t.bilibili.com/1078905555843547137
2025-06-15 20:12,VIDEO,杀戮尖塔—鸡煲竟是优质遗物率更高的红利职业？600局鸡煲连胜纯净数据分析！,,https://t.bilibili.com/1078686100158939145
2025-06-14 20:10,VIDEO,杀戮尖塔—铃铛也能得MVP！潘多拉只是躺赢狗？800局战士连胜纯净数据分析！摸底一层Boss遗物！,,https://t.bilibili.com/1078314344985395223
2025-06-10 18:02,VIDEO,凛冬前线—2025卡牌肉鸽新秀试玩！我在末世爽当城主！,,https://t.bilibili.com/1076797134900035591
2025-06-08 12:01,VIDEO,杀戮尖塔—危险生物见闻录之：2.三奴隶贩子~,,https://t.bilibili.com/1075961952757350418
2025-06-07 10:00,VIDEO,杀戮尖塔—2025猫粮杯比赛二台录播合集,,https://t.bilibili.com/1075559501408501830
2025-06-06 19:10,VIDEO,杀戮尖塔—探秘xbx真的菜吗？那真还挺菜的！,,https://t.bilibili.com/1075330356352122884
2025-06-06 00:07,FORWARD,,今天开始猫粮杯哦[doge_金箍],https://t.bilibili.com/1075035730190794752
2025-06-04 12:00,VIDEO,杀戮尖塔—2025白夕Seal6月录播合集,,https://t.bilibili.com/1074477130996252809
2025-06-01 18:00,VIDEO,杀戮尖塔—算命偶遇顶级霉比命格！拼尽全力将他拯救！,,https://t.bilibili.com/1073456758472573040
2025-05-31 19:27,VIDEO,杀戮尖塔—尖塔2今年要出了还有新发现？2025尖塔冷知识特别篇！,,https://t.bilibili.com/1073108015721218052
2025-05-29 12:00,VIDEO,杀戮尖塔—再战罕见豹毙剧毒种！步步烂完艰难依然坚持！,,https://t.bilibili.com/1072250624247070789
2025-05-28 19:00,VIDEO,杀戮尖塔—念对名字要扣血？简单的点播要求，极致的节目效果！弹幕全是陷阱我好孩怕！,,https://t.bilibili.com/1071987806620876803
2025-05-28 15:46,VIDEO,杀戮尖塔—2025白夕Seal5.84月录播合集,,https://t.bilibili.com/1071937821821894661
2025-05-26 11:18,VIDEO,【杀戮尖塔】第六届杀戮尖塔猫粮杯PV,,https://t.bilibili.com/1071126575471132676
2025-05-25 00:29,FORWARD,,猫粮杯又要来咯[大笑]5.31也是五月下旬全错,https://t.bilibili.com/1070588330177986596
2025-05-23 18:00,VIDEO,杀戮尖塔—如果不消耗的牌都消耗，消耗的牌都不消耗？每一把都感觉有什么神附体了！,,https://t.bilibili.com/1070116957532979216
2025-05-22 15:00,VIDEO,怪物火车2—啊肉鸽养爹一直爽！爽玩火车2更期待尖塔2了对吗孩子？,,https://t.bilibili.com/1069699405083312182
2025-05-22 11:17,FORWARD,,[doge_金箍]画的怪怪的，卡图上写的什么？ 总之谢谢生日贺图,https://t.bilibili.com/1069641959934525464
2025-05-21 18:50,VIDEO,杀戮尖塔—1万小时和萌新时期理解变化最大的卡有哪些？这次是真的思路清奇！,,https://t.bilibili.com/1069387590457622532
2025-05-21 18:00,VIDEO,杀戮尖塔—198连胜到200连胜需要打几局？感动尖塔卓越人物：故障机器人！,,https://t.bilibili.com/1069374787194716244
2025-05-16 18:00,VIDEO,杀戮尖塔—修炼万小时已经不需要视力了！隐藏信息mod证明食力！,,https://t.bilibili.com/1067519369903341573
2025-05-11 08:26,FORWARD,,[doge]平时主播常用的工具mod推荐，和言力华哥一起做的[星星眼]萌新可以看看汪！,https://t.bilibili.com/1065516128423378944
2025-05-10 07:34,POST,窝瓜杯忘选诅咒处理方式的说明,昨晚第一个bo5中，最后一局花华对战混色，花华选手忘记选塞诅咒，最后被判罚时45秒和换种重赛的说明 1.以往比赛中，包括猫粮杯斯豹尔杯，出现选错进阶和ban牌情况的处理方案一贯都是换种重赛，保证先开局的选手不会有少量背板优势（省出牌思考和路线思考） 毕竟类似比赛从未强制要求选手在同时开局 2.触发“忘记选诅咒”这种情况是不可能以本局双方开局选项谁赌到了谁没赌到来考虑的。罚时针对情况而不是本次对局。罚时是处罚这一类违规操作，而不是补偿“炼药对乾坤”。并且选手比赛中原则上无法听到解说台信息，不知道对方开局选项情况，只会一起在kook选手频道中闭麦随时听取通知。 3.塞诅咒按钮的出现确实带来了一些没有预见到的问题，目前已出现的包括未明确规定 “先诅咒还是先看开局” 开局选项出删牌和御守 “先通知诅咒还是先选职业” 败方选诅咒抗性较高的职业 “诅咒忘选如何处理” 但是过往比赛也有这种情况，如猫粮杯和豹杯最开始也没有明确规定离开屏幕多久时间明确判负，在情况出现后才考虑增补规则。 只能说尖塔圈内大家彼此比较熟，对这方面敏感度确实不高，确实应该吸取教训，也希望大家理解。 最后录播已传，具体情况可以看录播了解 另外注意今晚比赛时间修改为下午五点，三局bo5，比昨天早两小时,https://t.bilibili.com/1065131458298904585
2025-05-06 12:40,POST,,去老家拍了生日会要送的樱桃[doge_金箍] 以及今天年假，鸽惹，明天生日快乐！ 还有活动动态可能有点歧义[笑哭]樱桃活动一个账号只能参与一次，目前包含运费每发一箱亏一箱。 内蒙甘肃宁夏青海海南礼物只能换小海豹玩偶，樱桃储存期极短，很容易坏。广西贵州重庆云南黑龙江四川需要补10元运费，其余省份包邮且坏包换。,https://t.bilibili.com/1063725960285650964
2025-05-05 10:57,VIDEO,杀戮尖塔—2025白夕Seal5月录播合集,,https://t.bilibili.com/1063328370884870167
2025-05-04 23:46,POST,5.7号豹豹生日会！,开播四年啦！今年给大家吃樱桃！[星星眼] 记得来看哦！,https://t.bilibili.com/1063155580070264854
2025-05-04 17:56,VIDEO,杀戮尖塔—萌新常见局内操作易错题扫盲！,,https://t.bilibili.com/1063065411512172549
2025-04-29 18:00,VIDEO,杀戮尖塔—在尖塔当忍者！待我磨刀杀他去一刀一刀燃烧刀一直切黑字斩！,,https://t.bilibili.com/1061210917613600776
2025-04-27 12:00,VIDEO,【杀戮尖塔】窝瓜杯竞速赛合集,,https://t.bilibili.com/1060375933064577028
2025-04-26 15:00,VIDEO,杀戮尖塔—2025窝瓜杯比赛合集白夕视角,,https://t.bilibili.com/1060051194842447910
2025-04-19 18:00,VIDEO,杀戮尖塔—无敌者mod合集 最有节目效果的一集！,,https://t.bilibili.com/1057500031534235652
2025-04-15 14:01,POST,,又有新比赛了[doge_金箍]据不可靠消息猫粮杯大概也在五月，爽看一个月 噶人们关注关注鸭,https://t.bilibili.com/1055954075261075463
2025-04-15 13:00,VIDEO,杀戮尖塔—神人mod之无敌者：胜利目标是让白夕Seal豹毙！,,https://t.bilibili.com/1055938329912016931
2025-04-15 12:00,VIDEO,杀戮尖塔—极其罕见会员卡转经轮毒种！缺费战士教学局！,,https://t.bilibili.com/1055922876609200148
2025-04-14 18:00,VIDEO,孤星猎人—换个肉鸽继续删牌打无限小循环！,,https://t.bilibili.com/1055644601364250632
2025-04-14 12:00,VIDEO,杀戮尖塔—有一个职业二层两步丝血，靠鸟面防哈苟命，你知道是谁...,,https://t.bilibili.com/1055551830090579974
2025-04-13 18:00,VIDEO,杀戮尖塔—从小萌新到万小时牢白夕理解成长在哪？局内思路篇！,,https://t.bilibili.com/1055273550578974792
2025-04-10 12:00,VIDEO,杀戮尖塔—完美打击战但3费还9牌潘多拉！28卡就3张格挡！哈基战这也能赢？？,,https://t.bilibili.com/1054067450699579412
2025-04-10 11:30,VIDEO,杀戮尖塔—2025白夕Seal4.333月录播合集,,https://t.bilibili.com/1054059715464527893
2025-04-08 18:00,VIDEO,孤星猎人—典中典之猪脑过载不顾一切尽孝白瞎农局但架不住豹运加身一拳超机（飞船也是机）,,https://t.bilibili.com/1053418219176460308
2025-04-06 23:34,FORWARD,,有点可爱了！,https://t.bilibili.com/1052762089918038048
2025-04-03 18:00,VIDEO,孤星猎人—没有卡牌的卡牌肉鸽？操作感拉满了！我真的拉满了！,,https://t.bilibili.com/1051562823394525206
2025-03-30 18:00,VIDEO,杀戮尖塔—我说4级真的简单你二龙吗？神人mod之英语46级,,https://t.bilibili.com/1050078392490131510
2025-03-30 14:41,VIDEO,杀戮尖塔—尖塔圈反复传来喜讯！菜豹来辣mod合集！,,https://t.bilibili.com/1050027020372672532
2025-03-24 12:00,VIDEO,杀戮尖塔—2025白夕Seal3.74月录播合集,,https://t.bilibili.com/1047759011370237989
2025-03-20 12:05,VIDEO,杀戮尖塔—有个职业差点豹毙，还半个卡组都是能力，还能凭空印出能力，你知道是谁~,,https://t.bilibili.com/1046275941935874068
2025-03-19 18:00,VIDEO,杀戮尖塔—开局10交锋+狗X发牌！最后碎三心！这还是人类吗？？？,,https://t.bilibili.com/1045996442691305479
2025-03-18 18:00,VIDEO,杀戮尖塔—粉丝：小伙伴和我都豹毙了！豹豹：是谁拥有沮爹的过牌量和沙摩柯的过牌质量？,,https://t.bilibili.com/1045625361820287065
2025-03-17 12:15,VIDEO,杀戮尖塔—粉丝：打不过！豹豹：抛开三费没过牌不论，删2爽种！,,https://t.bilibili.com/1045165259150589968
2025-03-12 12:20,VIDEO,杀戮尖塔—连胜毒蛋爽种给红面具尽孝！每5000小时的罕见事件！,,https://t.bilibili.com/1043311126025076739
2025-03-12 08:48,POST,,昨天晚上溜豹豹拍的，养了一只蘑菇力[大笑],https://t.bilibili.com/1043256661582544903
2025-03-08 18:00,VIDEO,杀戮尖塔—豹黑：观者删2爽种！ 豹豹：一共只删3全对对对！,,https://t.bilibili.com/1041914608815702023
2025-03-07 18:00,VIDEO,你和豹豹差别在哪？万小时观者抓牌分析！自带半个金冠的弱势职业！,,https://t.bilibili.com/1041543527934197762
2025-03-02 00:02,VIDEO,杀戮尖塔—2025白夕Seal3月录播合集,,https://t.bilibili.com/1039410110343938065
2025-02-26 15:01,VIDEO,杀戮尖塔—尖塔最废超能力之：吸血！但下回合全吐了！多吐少也不补！,,https://t.bilibili.com/1038157620531167257
2025-02-25 18:30,VIDEO,杀戮尖塔—司辰mod试玩！又玉又有输输！,,https://t.bilibili.com/1037840209589305361
2025-02-25 16:17,VIDEO,杀戮尖塔—输错种子结果若出剧毒种？矛盾血入40血幽魂药！豹豹：胜利会带回山东的！,,https://t.bilibili.com/1037806034534531078
2025-02-25 12:00,VIDEO,杀戮尖塔—尖塔圈传来噩耗，红裤衩因撕裂类固醇使用过渡，几近飞升类固醇星球！,,https://t.bilibili.com/1037739711645351989
2025-02-17 18:23,VIDEO,你和豹豹差别在哪？万小时猎手抓牌分析！特色的防御和运转篇！,,https://t.bilibili.com/1034869835973001240
2025-02-12 18:00,VIDEO,你和豹豹差别在哪？万小时猎手抓牌分析！两极分化的猎手攻击牌！,,https://t.bilibili.com/1033008379957608449
2025-02-10 12:23,VIDEO,杀戮尖塔—种子号也有塔学？死灵种子揭秘！这是人类能写出来代码？,,https://t.bilibili.com/1032179391136792616
2025-02-10 11:19,VIDEO,杀戮尖塔—第五届每周日豹杯！赛事不大，创造神话！,,https://t.bilibili.com/1032162962912051219
2025-02-07 12:43,POST,第五届《每周日豹杯》本周日开始！,撒西不理，第五届《每周日豹杯》久违的回归了！[doge_金箍] 时间为2.9晚上6点！[打call] 紧跟时事，本期日豹杯延续部分兔杯的规则，同样优先欢迎兔杯选手报名，如果选手觉得当初赛程较短没有打出真实水平，可以来日豹杯证明食力！[打call] 目前规则简单如下： 1.赛制：进阶20，1对1，nosl竞速，开局选项禁止换4。 种子失败可以重开，但限总用时限次。战士为1小时+5个种子， 猎手机器人为1.5小时+10个种子， 观者为40分钟+2个种子 对局开始时的职业由双方商议决定，如果无法达成统一则各ban一个职业，并在剩余两职业中随机抽取决定[doge] 成绩由第一次碎心的时间+若种次数x100s结算。若两人均未碎心则比较层数，层数一致则比较来到此层数的时间。如果一名选手完赛而另一名选手确定无胜利机会，可能会提前通知进行下一组比赛 2.选手：参赛选手数为8人，其中6个名额需要自行私信报名参加，优先兔杯正赛选手，如果周日人不齐可以自由报名。2个为兔杯冠军赛的另两位选手@花华c @_王佐文若 3.赛程：通过8进4和4进2六场bo1比赛后，剩余两位选手与哈基豹直接对撅[大笑] 4.奖金：其中四进二两名胜者奖金88元，其余六名选手每人30元。如果最终成功战胜哈基豹，则可夺取166元红豹。从豹豹小零食里扣！ 我们拭目以待哈基豹能否捍卫豹豹的小零食！[妙啊] 5.嘉宾：神秘重量级嘉宾在吃烤串品位生活 ！[阴险],https://t.bilibili.com/1031071268109025280
2025-02-06 12:00,VIDEO,杀戮尖塔—那我问你，壁垒buff在什么情况下是负面？壁垒爹是来结束机器人的！,,https://t.bilibili.com/1030689093301829648
2025-02-05 18:00,VIDEO,杀戮尖塔—2025年让随机数再次伟大！第一次讲清帧率随机数运作原理！,,https://t.bilibili.com/1030410878236753925
2025-02-03 13:08,VIDEO,杀戮尖塔—2025白夕Seal2月录播合集,,https://t.bilibili.com/1029593425697046528
2025-02-03 12:00,VIDEO,杀戮尖塔—变二答辩第二弹！最弱职业双伤口开局！会似的！,,https://t.bilibili.com/1029575919413493799
2025-02-03 10:59,FORWARD,,我说噶人们录播已传！重温鬼神境豹豹！1血极限机！两层垃圾猎！自摸印牌战！孩舅那个修罗牌浪正滚滚袭来！[doge][doge],https://t.bilibili.com/1029560101026922497
2025-02-03 00:55,VIDEO,杀戮尖塔—兔杯冠军赛！极限87分钟nosl碎3心！,,https://t.bilibili.com/1029404485780242435
2025-02-02 12:00,VIDEO,杀戮尖塔—nosl竞速？狗圈？华丽？22:50？这是怎么结合到一起的！,,https://t.bilibili.com/1029204847122972672
2025-02-01 13:52,FORWARD,,[doge_金箍]P2录播已更新 2.2明天下午六点决赛比三职业,https://t.bilibili.com/1028862727191265282
2025-01-30 16:02,VIDEO,杀戮尖塔—ro粮杯 兔杯录播合集！,,https://t.bilibili.com/1028154027535237121
2025-01-28 11:09,VIDEO,杀戮尖塔—寻找丢失的孩舅！0费自动燔祭孩舅那个塞爆！,,https://t.bilibili.com/1027336209954766935
2025-01-28 10:33,VIDEO,杀戮尖塔—什么是拍点点？哈基豹舍身询问古神，如今大脑褶皱已如玻璃般光滑！,,https://t.bilibili.com/1027326962859769860
2025-01-25 18:00,VIDEO,杀戮尖塔—2025年还有尖塔萌新？最近的萌新都在问啥？,,https://t.bilibili.com/1026329018618609664
2025-01-24 10:16,VIDEO,40斤食肉猛兽生擒猎物威胁逼迫两脚兽就范实录,,https://t.bilibili.com/1025838348663521351
2025-01-22 15:05,VIDEO,杀戮尖塔—2025白夕Seal1.64月录播合集,,https://t.bilibili.com/1025170661662785542
2025-01-19 08:51,POST,噶人们也是用上典故了,那我少的韭菜盒子谁给我补啊？[doge_金箍]（店家今天补了）,https://t.bilibili.com/1023961005559906305
2025-01-18 12:00,VIDEO,杀戮尖塔—每次战斗由弹幕打分！打得好奖励一张打击！,,https://t.bilibili.com/1023638651086569508
2025-01-16 11:24,VIDEO,杀戮尖塔—如果战士瓶装了整个初始卡组!会赢吗?,,https://t.bilibili.com/1022887023230320665
2025-01-14 11:08,VIDEO,杀戮尖塔—这次我们祸害谁？观者10渎神开！如何战胜？,,https://t.bilibili.com/1022140880030531592
2025-01-12 19:51,VIDEO,你和豹豹差别在哪？万小时鸡煲抓牌分析！第二期！什么牌能做到一次不抓？,,https://t.bilibili.com/1021533386991206416
2025-01-03 16:28,VIDEO,杀戮尖塔—2025白夕Seal1月录播合集！,,https://t.bilibili.com/1018141488094117920
2024-12-30 08:58,FORWARD,,忽然看到后半段对轴差了4秒 噶人们等我一下我去换下源[委屈],https://t.bilibili.com/1016540998624346120
2024-12-29 19:43,VIDEO,杀戮尖塔—你和豹豹差别在哪？万小时鸡煲抓牌分析！第一期,,https://t.bilibili.com/1016336150160212009
2024-12-28 11:50,VIDEO,杀戮尖塔—如果念错卡牌名字就要扣血？豹豹和xbx心连心，xbx和豹豹丸脑筋！,,https://t.bilibili.com/1015843152327606280
2024-12-28 09:40,FORWARD,,转发动态,https://t.bilibili.com/1015809655860887555
2024-12-24 12:00,VIDEO,杀戮尖塔—粉丝：精选毒种！ 豹豹：串刺＞肾宝！保护金币＞一切！可解此局！,,https://t.bilibili.com/1014361418679451653
2024-12-24 11:00,VIDEO,杀戮尖塔—白夕Seal12.5月录播合集！,,https://t.bilibili.com/1014345879486726160
2024-12-23 12:00,VIDEO,杀戮尖塔—当猎手禁用一切抽牌卡和遗物！可以战胜吗？,,https://t.bilibili.com/1013990251877629993
2024-12-22 12:00,VIDEO,杀戮尖塔—开局黑星，但所有遗物替换为年度最佳遗物？,,https://t.bilibili.com/1013619175296335879
2024-12-21 13:45,VIDEO,杀戮尖塔—典中典之开局乐呵呵删二偶遇堵路乐嘉输出烂完被嗯在地上腐乳至10血忽然发现伏笔3滴血亏白莲基木但灵鸡一动使用刀舞塔学出华惊天尿手成功翻盘爽种如何呢？,,https://t.bilibili.com/1013275376052338696
2024-12-21 10:59,VIDEO,杀戮尖塔—典中典之唐流农神嫖boss激动发出猪叫然后自作聪明驾驭唐爹惨遭家法处置漏出红色裤头喜提唐流标准结局说是,,https://t.bilibili.com/1013232589594427412
2024-12-20 13:19,POST,,又是辛勤的一年汪[脱单doge] [给心心][给心心][给心心]今天好多豹白私信邀功说是 谢谢大家汪,https://t.bilibili.com/1012897423221063713
2024-12-19 11:55,VIDEO,杀戮尖塔—开局10张下注+爽种！下来下去一无所有！转来转去像个小丑！逆天翻盘竟是！？,,https://t.bilibili.com/1012504794478149654
2024-12-18 13:39,VIDEO,蠕行的恐惧：克苏鲁选集—机枪扫射？菜刀砍头？克苏鲁：？,,https://t.bilibili.com/1012160462683373577
2024-12-17 13:17,VIDEO,杀戮尖塔—你和豹豹差别在哪？万小时战士抓牌分析！最强蓝卡究竟是谁？,,https://t.bilibili.com/1011783648019480593
2024-12-14 12:35,VIDEO,杀戮尖塔—统计万小时玩家卡牌抓率！尽孝壁垒？你和豹豹差别在哪？,,https://t.bilibili.com/1010659491867263011
2024-12-12 17:00,VIDEO,代号肉鸽:流放之地—把尖塔和炉石搞里头！全新佳作推荐！,,https://t.bilibili.com/1009985701681299463
2024-12-11 12:00,VIDEO,杀戮尖塔—粉丝：77连胜豹毙种！豹豹豹仇！豹豹：噶人闷上勾拳0费打70！！！,,https://t.bilibili.com/1009537315712794627
2024-12-10 12:00,VIDEO,杀戮尖塔—世界上没有什么是完美的，除了“？”,,https://t.bilibili.com/1009166221937999921
2024-12-09 15:28,POST,,今天做俩视频去！小鸽＞一切！ 噶人们明天见噶人们，录播已传合集！,https://t.bilibili.com/1008848793773277185
2024-12-07 12:13,VIDEO,杀戮尖塔—粉丝：噶人闷算个命！豹豹：毒种！绿帽！xbx！这辈子有了！,,https://t.bilibili.com/1008056282132774916
2024-12-04 12:03,POST,,发一下小狗和录播封面[脱单doge] 豹豹吐小舌头超可爱[给心心] 昨日服刑人员已刑满释放，认罪态度良好，争取下次再犯！,https://t.bilibili.com/1006940608513703943
2024-12-02 18:00,VIDEO,杀戮尖塔—白夕Seal12月录播合集！,,https://t.bilibili.com/1006290397740138528
2024-11-28 11:20,VIDEO,杀戮尖塔—挑战开局加10张祭品！猪血会放干吗？,,https://t.bilibili.com/1004703042236317702
2024-11-27 18:00,VIDEO,杀戮尖塔—故障机器神又一力作！卡组最小只有7张！紫皮做得到吗？,,https://t.bilibili.com/1004434963248971874
2024-11-25 12:00,VIDEO,杀戮尖塔—打防过三奴隶？20血三费精巧铜人？一天两单发毒种的含金量！,,https://t.bilibili.com/1003599871279628306
2024-11-24 12:00,VIDEO,杀戮尖塔—什么毒种需要金冠来解？穷到豹炸但永远别放弃！,,https://t.bilibili.com/1003228872020328471
2024-11-21 14:26,VIDEO,杀戮尖塔—菜农mod合集！⚠️严禁入内！☣️猪瘟传播☣️！⚠️,,https://t.bilibili.com/1002153261894991877
2024-11-21 12:00,VIDEO,"杀戮尖塔—全都卡启动！这给我干哪来了,这还是孤杖急祈人吗？",,https://t.bilibili.com/1002115530593665062
2024-11-19 14:33,VIDEO,杀戮尖塔—粉丝：罕见观者火蛋带骨肉剧毒种！ 豹豹：没过牌就这？,,https://t.bilibili.com/1001412878250541075
2024-11-19 13:25,VIDEO,杀戮尖塔—白夕Seal11.5月录播合集！,,https://t.bilibili.com/1001395247397208085
2024-11-16 11:52,VIDEO,杀戮尖塔—尖塔唯一の神有mod了？充满农晷农盘农盒基米孩舅农黑农白唐笑豹指导之尖塔农黑化之菜农mod,,https://t.bilibili.com/1000258184898674692
2024-11-15 18:11,VIDEO,蠕行的恐惧—克系卡牌肉鸽新作试玩！终于有卡牌重视美术了！,,https://t.bilibili.com/999984642727608340
2024-11-02 09:22,POST,,小狗今天好多啦！[给心心] 就是哈基豹今天浑身酸痛[酸了] 补上前天尖塔万小时纪念回馈： 一.10.24号到31号相当于提前上舰的，如果没在以往生日活动时领取小海豹玩偶，请进舰长群晚点看通知填写收货地址！ 二.10.31号当天以及截止11.4号这几天上舰可直接领取小海豹！（即便以前领取过）[脱单doge] 希望大家也每天开心！整小狗是真累呀[委屈][委屈],https://t.bilibili.com/995024329138765824
2024-11-01 20:12,POST,,检查结果是疫苗打过啦，但是肚肚里有球虫，耳朵里有螨虫需要慢慢用药，体重18斤很瘦！年龄应该确定在六个月[委屈][委屈] 今天伺候豹豹真是完全累豹：带豹豹出门：1.抱下楼梯2.牵着不走3.蹲下跟过来4.重复23 我说我纯在蹲起它能反驳吗？ [委屈][委屈] 有没有xbx讲讲为啥原因，站着硬拉都不行，人蹲下才会往人走[辣眼睛]。 今天有点累了[大哭]明天饲养员出门很难想象如何战胜[笑哭],https://t.bilibili.com/994820782087471125
2024-11-01 15:06,POST,,豹豹到家了！豹豹抱抱豹豹宝宝！[星星眼][星星眼] 下午一点刚到家在客厅大的小的齐上阵！奥利给完还上去闻闻，到家第一天特别活泼！但是粘人，一声不叫。[脱单doge] 现在终于累睡着了准备赶紧去宠物医院看看口臭再查个体。不过到现在两小时没嘘嘘，噶人们我孩怕都不敢让他在我卧室睡（木地板）[委屈][委屈] 今晚可能会晚点来 熬小狗累豹了，又困又怕它奥利给干了兄弟们[委屈][委屈],https://t.bilibili.com/994741935035908097
2024-10-29 12:17,POST,,近期有许多xbx认同豹豹的品位询问豹豹的歌单在哪，在这放一下豹豹的网易云[doge_金箍][doge_金箍] https://music.163.com/playlist?id=8282796980&uct2=U2FsdGVkX1+dpivV+jb6mB/lBBvOvTyWRu7Q/xoSW8U= 我说豹豹品味真的很高你能反驳吗？[傲娇][傲娇],https://t.bilibili.com/993585102789279750
2024-10-28 11:46,VIDEO,杀戮尖塔—典中典之删防打击四精英二层继续冲刺全部裸摸充满基米精神但不慎漏出猪头一点防不拿避免卡启动全靠局外烧牌矛盾极限尽孝壁垒硫磺却洗刷万小时世界观战,,https://t.bilibili.com/993206033253924869
2024-10-28 11:40,VIDEO,杀戮尖塔—白夕Seal11月录播合集！,,https://t.bilibili.com/993204517145149459
2024-10-27 12:00,VIDEO,杀戮尖塔—主播能再讲讲3滴血单精巧过带火乐嘉的故事吗?,,https://t.bilibili.com/992838487151476753
2024-10-26 12:00,VIDEO,杀戮尖塔—经典一张终结技杀穿尖塔！猎豹经典被低估的攻击牌！,,https://t.bilibili.com/992467474982109217
2024-10-25 12:00,VIDEO,杀戮尖塔—粉丝：进行一次意义不明的SL然后似了！豹豹：毒种还有书接上文是吧！,,https://t.bilibili.com/992096312484691984
2024-10-25 12:00,FORWARD,,恭喜@凉柒OwO@焦焦焦-焦卡@无限-空间中奖，已私信通知，详情请点击抽奖查看。,https://t.bilibili.com/992096222288281624
2024-10-24 12:23,VIDEO,杀戮尖塔—豹豹：警惕新型毒种蔓延 ！已出现第一位受害豹！,,https://t.bilibili.com/991731309007077412
2024-10-23 11:54,POST,,说好的白嫖游戏来啦[星星眼]！感谢@骰子浪游者 的游戏key！ 近期新出的卡牌肉鸽神作！实况在这 BV1iuypY3EFr 互动抽奖 希望大家喜欢~~ 再次重申 不是商单！是真好玩[doge_金箍]！,https://t.bilibili.com/991352514363260949
2024-10-22 18:00,VIDEO,骰子浪游者—好玩！国产肉鸽新秀 终于不是尖塔mod了！,,https://t.bilibili.com/991075836892282885
2024-10-22 12:17,VIDEO,杀戮尖塔—开局三诅咒还能爽种？看完直接孝死了！,,https://t.bilibili.com/990987588203446289
2024-10-16 12:00,VIDEO,杀戮尖塔—粉丝：诶我不说！ 豹豹：盖亚！有埋伏！快退口牙！,,https://t.bilibili.com/988756464304652374
2024-10-15 11:18,VIDEO,杀戮尖塔—粉丝：我就算算命！豹豹：偶遇罕见命格，拼尽全力艰难战胜！,,https://t.bilibili.com/988374766321664065
2024-10-15 11:12,POST,,今晚九点飞机去海南办事[doge_金箍] 快一年没出远门了，稍微陪老白夕逛逛！ 大概一周内只能笔记本小播。今日无豹，要记得想我[大哭][大哭] 附最新的封面图图[给心心],https://t.bilibili.com/988373078399516673
2024-10-05 10:16,VIDEO,杀戮尖塔—白夕Seal10月录播合集！,,https://t.bilibili.com/984647877129142327
2024-09-26 12:00,VIDEO,冰汽时代2—最高难度圣母流无死伤无规则无激进473周速通完美和解结局实况解说 最佳公式开局流程讲解,,https://t.bilibili.com/981334842684735489
2024-09-25 13:57,POST,,噶人们今天浅鸽一下，录播已传合集。 明天更个最近在玩的游戏实况解说[doge_金箍] 是豹豹第一次b站传视频的游戏的续作，流程很长 所以今晚无豹[委屈][委屈] 发个可可爱爱直播间封面补偿下[脱单doge],https://t.bilibili.com/980993852126003223
2024-09-23 14:59,VIDEO,杀戮尖塔—白夕Seal9.7333月录播合集！,,https://t.bilibili.com/980267848035205128
2024-09-14 18:00,VIDEO,杀戮尖塔—粉丝：174连豹毙剧毒种！豹豹：没有冒充机器人防哈导致的！,,https://t.bilibili.com/976974690465611796
2024-09-13 18:00,VIDEO,杀戮尖塔—粉丝：86连豹毙剧毒种！纯在匕首雨！ 豹豹：啊？我打六火？,,https://t.bilibili.com/976603588087250998
2024-09-11 18:00,VIDEO,杀戮尖塔—天才点播：再次四世同堂连续剧！豹豹：我说机器人＞观者你能反驳吗？,,https://t.bilibili.com/975861344719863809
2024-09-06 10:13,FORWARD,,久违的手绘可爱女鹅[给心心][给心心]这也可以手搓！[星星眼][星星眼],https://t.bilibili.com/973885719906877441
2024-09-03 12:00,VIDEO,杀戮尖塔—粉丝：xbx26连断连毒种！豹豹：芝个值260连！,,https://t.bilibili.com/972799887775105040
2024-09-02 12:11,VIDEO,杀戮尖塔—白夕Seal9月录播合集！,,https://t.bilibili.com/972431594295918599
2024-08-26 11:08,VIDEO,杀戮尖塔—粉丝：罕见火蛋开大毒种！豹豹：一个种子俩人点的含金量！,,https://t.bilibili.com/969817874796380201
2024-08-22 14:51,VIDEO,杀戮尖塔—白夕Seal8.5月录播合集！,,https://t.bilibili.com/968390828933251141
2024-08-21 11:26,VIDEO,杀戮尖塔—粉丝：必须把这个毒种搞里头！豹豹：豹毙两次，这对劲吗孩子？,,https://t.bilibili.com/967966937171623945
2024-08-07 12:00,VIDEO,杀戮尖塔—粉丝：500h萌新打了一整天！海豹：哈基豹炭烤了3小时！,,https://t.bilibili.com/962780506394460224
2024-08-05 12:00,VIDEO,杀戮尖塔—粉丝：纯沙包机器人！豹豹：小毒，但是炸都气肺！,,https://t.bilibili.com/962038413377142784
2024-08-03 23:12,POST,,最近直播间发不出弹幕但没任何提示的都是叔叔的问题哦，一般修改其中几个可能敏感的字或者重发能发出来，实在不行隔天就会恢复正常。看到好多私信问我发不出弹幕的，甚至还有下面这个小白夕直接给主播拉黑了[笑哭][笑哭],https://t.bilibili.com/961469506294644737
2024-07-31 08:39,VIDEO,杀戮尖塔—白夕Seal8月录播合集！,,https://t.bilibili.com/960131164668952583
2024-07-30 12:03,POST,,基米！[星星眼],https://t.bilibili.com/959812757018902552
2024-07-28 13:10,VIDEO,杀戮尖塔—尖塔冷知识特别篇：24年还有塔学大发现！我是真的渴了！,,https://t.bilibili.com/959087826673074180
2024-07-20 12:00,VIDEO,杀戮尖塔—粉丝：155连胜折戟剧毒种！豹豹：纯赖着不死，基米！,,https://t.bilibili.com/956101127926972482
2024-07-15 12:00,VIDEO,杀戮尖塔—白夕Seal7.5月录播合集！,,https://t.bilibili.com/954245685084946473
2024-07-15 12:00,VIDEO,杀戮尖塔—粉丝：三费烂牌没救战！豹豹：噶人们什么都不要拿！全都没有用！,,https://t.bilibili.com/954245624721571865
2024-06-30 12:00,VIDEO,杀戮尖塔—粉丝：没有一点过牌战！豹豹：血战3小时！艰难取胜！,,https://t.bilibili.com/948679270027231267
2024-06-29 12:00,VIDEO,杀戮尖塔—天才点播：粉丝：要100卡大卡组猎！豹豹：我有健忘症！,,https://t.bilibili.com/948308347828830215
2024-06-28 16:22,VIDEO,艾尔登法环—dlc黄金树幽影轮椅探险记！,,https://t.bilibili.com/948004805282889766
2024-06-25 12:00,VIDEO,杀戮尖塔—粉丝：能过史莱姆倒立拉X！豹豹：已通过，期待开播！,,https://t.bilibili.com/946823839598247991
2024-06-25 03:00,VIDEO,杀戮尖塔—白夕Seal7月录播合集！,,https://t.bilibili.com/946684854467035141
2024-06-17 00:09,FORWARD,,记得给小海豹遮住眼睛的长毛剪一下，效果堪比整容[脱单doge][脱单doge],https://t.bilibili.com/943672025127321618
2024-06-15 12:00,VIDEO,杀戮尖塔—无限构筑讲解教学！累计已鸽：2年！超级耐催王！,,https://t.bilibili.com/943112979299172448
2024-06-13 12:55,VIDEO,杀戮尖塔—第四届每周日豹杯！ 本期金句：雨不会一直下！头会！,,https://t.bilibili.com/942384978016075796
2024-06-13 12:00,VIDEO,PVZ杂交版—关于为什么我觉得杂交版真的是一款十分失败的游戏！,,https://t.bilibili.com/942370860720717892
2024-06-09 12:41,VIDEO,PVZ杂交版—VIP坚果2困难一遍过教学！可惜我不会玩PVZ，不懂这把的含金量！,,https://t.bilibili.com/940897063951925287
2024-06-08 11:02,VIDEO,杀戮尖塔—粉丝：5月4号的点播7号就打到了！ 豹豹：毒种尝尝我的完美打击吧！,,https://t.bilibili.com/940500677090607145
2024-06-07 12:34,POST,,"第四届《每周日豹杯》要开始辣！正好赶上高考周！高考学子加油捏！[打call] 1.比赛每周日或隔周日举办！第四届也就是本周日 6.9号晚上6点开始！[脱单doge] 2.基本赛制为8人单淘bo1,8-4-2-1共7局bo1，基本规则沿用思豹尔杯比赛规则，但棱镜奖时略为削弱，具旧规则动态体看评论区置顶链接！[妙啊] 3.奖金暂时为：7位参与奖40元和冠军基础200元，每次蝉联冠军奖金额外+100元。终止连胜的选手可以立刻额外获得败方累计额外奖金的一半并重置到基础奖金。[打call] 但连胜会很难哦！如果连胜达到2，下届决赛升级为bo3。同时夺冠会让下届比赛全程开局选项有一项不可用，需在每局开始前决定（不含换4 例如2冠王下届比赛开局选项将全部在游戏开始前决定） 奖金会根据大家的参与度可能有后续调整！上届冠军为：@星下秋月 [OK] 4.报名方式为直接私信豹豹@白夕Seal， 小白夕牌子，往届猫粮杯思豹尔杯选手和脸熟高手优先，如果私信不到可以在评论区回复。 最终解释权归豹豹所有[大笑] 完全没有竞速经验的选手也可以尝试报名萌新组，萌新组专门设有2人，会在八强赛必定相遇。每届都积极报名会提高入选概率，也有可能成为日后大规模赛事的邀请函[脱单doge] 同时每届比赛会尽量避免上届除冠军选手重复参赛，即冷却期一届[冷] 5.每届邀请的解说嘉宾阵容都会更替，希望可以把日豹杯办成塔区定期团建的舞台！[脱单doge] 本届也会有重量级嘉宾到场哦！ 6.本届特殊规则为：猫猫喜欢大的—卡组超过25卡可减时1分钟，此后每多5张牌减时0.5分钟！ [脱单doge] 我们周末再见！",https://t.bilibili.com/940153154122547235
2024-06-05 15:25,VIDEO,植物大战僵尸杂交版—这是豹才能打出来的焯作！,,https://t.bilibili.com/939455110268846096
2024-06-03 15:24,VIDEO,杀戮尖塔—白夕Seal6月录播合集！,,https://t.bilibili.com/938712772650205223
2024-06-02 12:00,VIDEO,杀戮尖塔—天才点播：打击防御不能烧不能删战！ 豹豹：还有这种好事？,,https://t.bilibili.com/938288927887851607
2024-06-01 13:16,VIDEO,杀戮尖塔—粉丝：战士也打不过的大呃虫！  豹豹：完美打击爽种？,,https://t.bilibili.com/937937599563038788
2024-05-31 12:00,VIDEO,杀戮尖塔—天才点播：大型连续剧之四世同堂！前人创业！后人乘凉！,,https://t.bilibili.com/937546753218969648
2024-05-27 23:20,POST,,最近的可爱图图！[脱单doge][脱单doge] 好可爱哦[星星眼][星星眼][星星眼],https://t.bilibili.com/936237591586406449
2024-05-24 16:23,POST,,昨晚加班到深夜两点！第一次突破200舰！[星星眼][星星眼]塔区和萌宠区最光明的一天！！！ 谢谢大家长久以来的资瓷！三年来非常值得纪念！[给心心] 不过昨晚主豹太拼命了！嗓子哑哑了，嗓嗓，痛！[酸了] [2024]最后提醒小海豹的领取要舰长群群公告登记！B站航海回馈这次仅做展示不在那边收集地址! 请没有进群的舰长尽快查看自动回复的私信入群查看哦！[脱单doge] 本次地址登记26号截止，到时一个月内将开始包括天选的礼物发货[妙啊],https://t.bilibili.com/935016965922095129
2024-05-22 12:09,VIDEO,杀戮尖塔—粉丝：29层没输出毒种！ 豹豹：罕见狗圈抗压机！,,https://t.bilibili.com/934209374672388104
2024-05-21 12:00,VIDEO,杀戮尖塔—豹豹不等式秒了！ 狗圈≠不能转！狗圈全款日晷战！,,https://t.bilibili.com/933835892869562584
2024-05-20 13:49,VIDEO,杀戮尖塔—第三届每周日豹杯！ 壮哉冠军以凡人之躯挑战神明！,,https://t.bilibili.com/933493085795516417
2024-05-17 12:00,VIDEO,杀戮尖塔—粉丝：给我把a15搞10分钟里头！ 豹豹：a20nosl略有余力9分钟碎心！,,https://t.bilibili.com/932351509238120470
2024-05-17 08:54,VIDEO,杀戮尖塔—白夕Seal5.5月录播合集！,,https://t.bilibili.com/932303641846480914
2024-05-17 07:29,POST,,"第三届《每周日豹杯》要开始辣！[星星眼]这两天生日会点播豹达99+加上饲养员住院，只能最低限度维持比赛惹！[委屈] 1.比赛每周日或隔周日举办！第三届也就是本周日 5.19号晚上6点开始！[脱单doge] 2.基本赛制为8人单淘bo1,8-4-2-1共7局bo1，基本规则沿用思豹尔杯比赛规则，但棱镜奖时略为削弱，具旧规则动态体看评论区置顶链接！[妙啊] 3.奖金暂时为：7位参与奖40元和冠军基础200元，每次蝉联冠军奖金额外+100元。终止连胜的选手可以立刻额外获得败方累计额外奖金的一半并重置到基础奖金。[打call] 但连胜会很难哦！如果连胜达到2，下届决赛升级为bo3。同时夺冠会让下届比赛全程开局选项有一项不可用，需在每局开始前决定（不含换4 例如2冠王下届比赛开局选项将全部在游戏开始前决定） 奖金会根据大家的参与度可能有后续调整！上届冠军为：@星下秋月[OK] 4.报名方式为直接私信豹豹@白夕Seal， 小白夕牌子，往届猫粮杯思豹尔杯选手和脸熟高手优先，如果私信不到可以在评论区回复。 最终解释权归豹豹所有[大笑] 完全没有竞速经验的选手也可以尝试报名萌新组，萌新组专门设有2人，会在八强赛必定相遇。每届都积极报名会提高入选概率，也有可能成为日后大规模赛事的邀请函[脱单doge] 同时每届比赛会尽量避免上届除冠军选手重复参赛，即冷却期一届[冷] 5.每届邀请的解说嘉宾阵容都会更替，希望可以把日豹杯办成塔区定期团建的舞台！[脱单doge] 6.本届特殊规则为：战士用灼热 猎手用毒 机器人用非球非药水遗物伤害 观者用点穴 结束除一层boss以外的boss战可在最终成绩减时1分钟，限一次。对机器人来说应该是白送吧，机黑说话！ [大笑][大笑]",https://t.bilibili.com/932281673089810450
2024-05-16 12:00,VIDEO,杀戮尖塔—粉丝：新挖的毒种！ 豹豹：以后打击干双精英不收！,,https://t.bilibili.com/931980424082620455
2024-05-15 13:48,POST,,开始收集卡牌diy！ 你做牌牌 豹豹评！ 最近考虑开个视频新坑，目前只收集卡牌diy，直接在评论区投稿即可，会采取部分上视频来让豹豹给出你这张牌在原版游戏中的大致评价和地位。可以通过和你的想法对比来学习一下理解！[doge][doge]（比如你觉得强的豹豹不一定认可） 敬请期待哦！[给心心],https://t.bilibili.com/931637363552026661
2024-05-15 12:00,VIDEO,杀戮尖塔—粉丝：排队了一个月的发酵毒种！ 豹豹：罕见解法破腌入味毒种！,,https://t.bilibili.com/931609338875740323
2024-05-14 17:08,POST,,饭没吃着 钱扣20多 豹腿也熟了[委屈][委屈][委屈][委屈][委屈][委屈][委屈][委屈][委屈][委屈],https://t.bilibili.com/931317659055685650
2024-05-14 13:57,VIDEO,杀戮尖塔—粉丝：没冰球二层开摆！ 豹豹：没事反正集中也没有！,,https://t.bilibili.com/931268490288955412
2024-05-09 15:39,FORWARD,,超可爱的豹耳开关[给心心][给心心],https://t.bilibili.com/929439388253814804
2024-05-06 18:41,POST,,知不觉五一马上就要结束啦，正如豹豹其实也已经开播三年多了，距离从小看到大的主播又进一步！再次感谢大家长久以来的资瓷![给心心][给心心] 记得5.7号来看超绝无敌可爱女鹅新衣服哦！[脱单doge] 那么 今年豹豹依然准备了许多小礼物送给大家！尤其是今年的小海豹豹豹毛绒玩偶！一共定做了300只，但豹豹决定私藏10只mohumohu摆满一床开豹趴！[喜欢]真正的同款豹豹抱抱豹豹哦！[给心心] 今年的生日会礼物！ 1.凡4.7-6.7在舰的舰长都可以逮捕毛绒小海豹一只！并在5.4-5.21期间提前上舰每月舰长可以多逮一只！[星星眼] 2.凭航海记录中累计3个月舰长并5.4-5.21在舰可获得2024款女鹅双面等身豹枕（仅枕套）！ 3.凭航海记录中累计6个月舰长并5.4-5.21在舰，如果去年没有拿到，可直接获得2023款女鹅双面等身豹枕复刻（仅枕套）！ 4.提督可获得过往全部实物礼物含：一.锤子小海豹玩偶 二.2022 2023 2024三款等身豹枕 三.新的毛绒豹豹玩偶 四.豹豹屁垫 五.点播游戏或一起玩！六.封你为豹白大将军！[辣眼睛] 5.额外百舰福利：首先当然是我们滴bigbigV标志，每周日豹杯啦！ 并且5.7-5.21期间上舰可额外自选一次锤子小海豹或小海豹屁垫之一！[给心心] 6.直播期间也会通过天选抽奖随机掉落各种礼物，大家记得要来捧场哦！ 感谢大家的资瓷！希望豹豹可以给你的生活带来快乐！新的一年也要继续抱豹哦！明年的生日会应该就可以玩到尖塔2啦，双倍期待喵！生活会好起来滴！ [脱单doge] 今天惯例年假一天哦 明天见！[打call],https://t.bilibili.com/928373141145649223
2024-05-06 12:16,VIDEO,杀戮尖塔—第二届每周日豹杯合集！ 建议更名为豹笑红温压力杯！,,https://t.bilibili.com/928273781370126338
2024-05-04 12:12,FORWARD,,第二届本周日豹杯的选手已经确定为@和煦光流 @花华c @中二少年恶魔之名 @星下秋月 @鲸鱼座的あお星 @柚木_木 萌新组二人为：@TWDBT @网瘾少年日常生活 [脱单doge] 萌新组目前的标准为：至少全进阶20，但没有往期各种赛事的竞速经验 本届嘉宾请到了罕见的美少女@网瘾少女日常生活 一同解说[星星眼] 嘉宾每届都有更替，猜猜下届是谁？ 同时没有报上的选手也不要灰心，多报几次豹豹就不忍心涮你了[给心心] 还请继续关注哦！[OK],https://t.bilibili.com/927530653245767699
2024-05-03 09:26,POST,,"第二届《每周日豹杯》要开始辣！[doge] 大家五一有没有快乐鸭！[大笑] 1.每周日或隔周日举办！第二届也就是本周日 5.5号晚上6点开始！[给心心] 2.基本赛制为8人单淘bo1,8-4-2-1共7局bo1，基本规则沿用思豹尔杯比赛规则，但棱镜奖时略为削弱，具旧规则动态体看评论区置顶链接！[星星眼] 3.奖金暂时为：7位参与奖40元和冠军基础200元，每次蝉联冠军奖金额外+100元。终止连胜可以立刻额外获得败方累计额外奖金的一半并重置到基础奖金。 但连胜会很难哦！如果连胜达到2，下届决赛升级为bo3。同时夺冠会让下届比赛全程开局选项有一项不可用，需在每局开始前决定（不含换4 例如2冠王下届比赛开局选项将全部在游戏开始前决定） 奖金会根据大家的参与度可能有后续调整！[OK] 上届冠军为：@和煦光流 4.报名方式为直接私信豹豹@白夕Seal， 小白夕牌子，往届猫粮杯思豹尔杯选手和脸熟高手优先，如果私信不到可以在评论区回复。 最终解释权归豹豹所有 5.附加规则：第二届特殊规则—我让你挣点你二龙吗？[偷笑] ：游戏结算时每剩余100金币减时0.5分钟。如果携带900以上巨款去世，豹毙三层boss按通关算，时间以离开三层末火堆计时 豹毙心脏按通关算，时间以击败矛盾计时。如果应用豹毙规则，不再应用0.5分钟减时效果 祝大家假期愉快喵！ 5.7生日会动态也会在今日或明日发出，敬请期待[星星眼]",https://t.bilibili.com/927116631279140899
2024-04-30 12:30,VIDEO,杀戮尖塔—粉丝：粉丝的粉丝豹毙毒种！豹豹：可能是没有学习机器人战斗法导致的！,,https://t.bilibili.com/926051015547944994
2024-04-30 12:22,VIDEO,杀戮尖塔—粉丝：一层没一点攻击牌！ 豹豹：那你不会构建映射吗！,,https://t.bilibili.com/926048790740205641
2024-04-29 13:47,VIDEO,杀戮尖塔—豹豹：往日机机百连巨毒种！ 豹豹：罕见重（编程）解毒机！,,https://t.bilibili.com/925699773107798017
2024-04-25 12:00,VIDEO,杀戮尖塔—很喜欢直播间的氛围！主播辱骂，弹幕坑害，像是真正的仇人！,,https://t.bilibili.com/924187669746942231
2024-04-25 11:15,VIDEO,杀戮尖塔—白夕Seal5月录播合集！,,https://t.bilibili.com/924176167814037511
2024-04-24 12:00,VIDEO,杀戮尖塔—粉丝：打了4次没出二层！ 豹豹：怎么难点在三层！,,https://t.bilibili.com/923816584567324695
2024-04-22 09:09,POST,,恭喜@和煦光流 成功夺得首届每周日豹杯的冠军！同时以机器人取胜额外斩获50g成功豹出附加奖励！ [妙啊] 本届名场面[脱单doge] 某猪挣了1178花了69 你是怎么做到的？ 棺材价值1109！超越了全球99%的机器人[星星眼] 第一届周日豹杯可惜碰巧豹豹遭遇重感冒不是很在状态，但我们不远后的下期再见！[doge] 录播指路 BV1vD421H7aK,https://t.bilibili.com/923030485299363844
2024-04-21 22:33,VIDEO,杀戮尖塔—第一届 每周日豹杯！赛事录播！,,https://t.bilibili.com/922866567907115013
2024-04-21 16:32,POST,,每周日 豹杯—补充规则：[脱单doge] 1.冠军保送下期 除非自己弃权 2.人选上尽量避免连续重复参赛 3.从下届开始会专设2人萌新组，也就是至少有两位小萌豹，8进4阶段必定对战 萌新组进阶可自行商定 甚至不限墙缝[歪嘴] 4.参与过往期思豹尔杯（包括海选） 猫粮杯 带小白夕粉丝牌会提高入选率[妙啊] 5.棱镜分值下调1分钟 碎心成功由4-3分钟 通过三层由2-1 分钟 本周8名选手为：@网瘾少女日常生活 @芬达不滑稽 @柔然i @橘予猪 @我在非洲的前期 @kono歪比巴卜 @QAQ白笙 @和煦光流 这周末有点重感冒，但是今晚豹豹还是会到场[给心心]期待选手们的精彩表现喵！今晚6点不见不散！,https://t.bilibili.com/922773624812732425
2024-04-21 12:00,VIDEO,杀戮尖塔—粉丝：红绿灯没输出毒种！ 豹豹：青梅不就够了要什么天降！,,https://t.bilibili.com/922703359103729748
2024-04-20 15:43,POST,,感冒了！嗓子巨痛噶人们！[委屈][委屈] 今日无豹，头疼嗓子痛带反酸正在受刑！[灵魂出窍],https://t.bilibili.com/922389809355292679
2024-04-20 12:00,VIDEO,杀戮尖塔—粉丝：一层扫雷！问号全是雷！豹豹：吓我一跳转职战士鸽！,,https://t.bilibili.com/922332273945084054
2024-04-19 13:32,POST,,"第一届《每周日豹杯》要开始辣！[doge] 1.每周日或隔周日举办！第一届也就是本周日 4.21号晚上6点开始！[给心心] 2.基本赛制为8人单淘bo1,8-4-2-1共7局bo1，基本规则沿用思豹尔杯比赛规则，具旧规则动态体看评论区置顶链接！[星星眼] 3.奖金暂时为：7位参与奖40元和冠军基础200元，每次蝉联冠军奖金额外+100元。终止连胜可以立刻额外获得败方累计额外奖金的一半并重置到基础奖金。 但连胜会很难哦！如果连胜达到2，下届决赛升级为bo3。同时夺冠会让下届比赛全程开局选项有一项不可用，需在每局开始前决定（不含换4 例如2冠王下届比赛开局选项将全部在游戏开始前决定） 奖金会根据大家的参与度可能有后续调整！[OK] 4.报名方式为直接私信豹豹@白夕Seal 小白夕牌子，往届猫粮杯思豹尔杯选手和脸熟高手优先。 最终解释权归豹豹所有 5.试行规则：第一届特殊规则—国际爱机日：因近日乳机之风盛行，机豹决定V你50证明实力，以机器人夺冠奖金+50，但所有比赛机器人最低进阶提升至17 [滑稽] 6.每届比赛可能会邀请到不同的特邀嘉宾同台解说，静候双厨狂喜[脱单doge] 感谢大家的关注与资瓷喵！记得来看哦！[吃瓜]",https://t.bilibili.com/921984965723291683
2024-04-19 12:00,VIDEO,扫雷也是肉鸽—2024年最新冷知识！ALT+F4可快进视频和直播！豹笑切片！,,https://t.bilibili.com/921961158719570037
2024-04-17 12:53,FORWARD,,[doge]前几天的幽默局被剪出来惹,https://t.bilibili.com/921232813848526848
2024-04-17 11:56,POST,,分享一下最近最喜欢的两个表情包！以及原型！谢谢画师麻麻@雾流w！ 以及最近终于能恰到饭了[给心心][给心心]谢谢小白夕的资瓷，豹豹在继续加油辣[星星眼][星星眼],https://t.bilibili.com/921217974755393561
2024-04-17 11:05,VIDEO,杀戮尖塔—Nosl机器人三场战斗运动40分钟！奇怪的赢法之50集中䗮种！,,https://t.bilibili.com/921204797766369288
2024-04-16 17:00,POST,,肚肚痛→嘴嘴痛→腿腿痛→豹豹痛[委屈][委屈] 坐了三年的老椅子今天被群友痛批惹，医院大夫都说不出来韧带是怎么损伤的，快去买新椅子保护豹豹辣[大哭] 今天还拔了北极智齿，以后应该就不会被刮到溃疡啦[酸了]，加群还能查看露骨肉感豹图[doge] 但是今晚只能鸽一下了！ 会做视频滴，休息一天，不要太想豹豹[委屈][委屈],https://t.bilibili.com/920925281316765737
2024-04-16 11:02,VIDEO,杀戮尖塔—危险生物见闻录之：1.地精大蒯头~,,https://t.bilibili.com/920833068347949079
2024-04-14 12:00,VIDEO,杀戮尖塔—粉丝：没集中机机不如鸡！ 豹豹：那我就不做机辣！猎豹！启动！,,https://t.bilibili.com/920105732827775001
2024-04-13 19:00,VIDEO,虚空穹牢—录播合集！不能删牌跳牌的卡牌肉鸽！,,https://t.bilibili.com/919843061213691907
2024-04-11 08:45,VIDEO,杀戮尖塔2—定档2025年！新作资讯速览！解决了机器人是最弱职业的问题？,,https://t.bilibili.com/918942183226081382
2024-04-10 12:00,VIDEO,杀戮尖塔—粉丝：250星系仪开局但打麻惹！ 豹豹：不可以惹！,,https://t.bilibili.com/918621387841601844
2024-04-09 07:35,POST,,屋屋！​昨天晚上豹豹终于在日常百舰辣！！！[星星眼] 超级谢谢豹白们的支持！[给心心][给心心] 三年多了，感谢大家一路的陪伴！是个非常值得纪念的日子！[doge] 正好下月5月7日生日会会有许多实物礼物放出！[打call] 请继续关注后续动态哦！,https://t.bilibili.com/918182184489058309
2024-04-06 12:00,VIDEO,杀戮尖塔—普通职业！立刻做好攻杀的准备！永不鬼抽Nosl五固有豹破机！,,https://t.bilibili.com/917137051448508632
2024-04-05 12:00,VIDEO,杀戮尖塔—粉丝：三层各死一次！ 豹豹：防杀得太像机器人导致的！,,https://t.bilibili.com/916765996325273793
2024-04-02 13:29,POST,,最近录播封面的女鹅[给心心] 给小白夕端上来惹[doge] 猜猜五月是谁鸭[星星眼],https://t.bilibili.com/915675770403160072
2024-04-02 10:00,VIDEO,杀戮尖塔—白夕Seal4月录播合集！,,https://t.bilibili.com/915621958765248537
2024-03-31 12:00,VIDEO,杀戮尖塔—粉丝：快进到爽种！ 豹豹：人上人职业18集中49分钟䗮种！,,https://t.bilibili.com/914910566166822960
2024-03-30 12:48,VIDEO,杀戮尖塔—很难想象人为了下班会做出什么！4000米点播的加班速通战士！,,https://t.bilibili.com/914551859106021382
2024-03-28 12:00,VIDEO,杀戮尖塔—粉丝：算了你说吧！ 豹豹：人上人职业45分钟速通18集中䗮种！,,https://t.bilibili.com/913797276271378472
2024-03-26 12:00,VIDEO,杀戮尖塔—粉丝：普通种子！ 豹豹：毒种刺客！,,https://t.bilibili.com/913055105944649888
2024-03-24 05:35,VIDEO,杀戮尖塔—白夕Seal 3.5月录播合集！,,https://t.bilibili.com/912213820625125384
2024-03-22 12:00,VIDEO,杀戮尖塔—粉丝：豹豹豹毙过的超级毒种！ 豹豹：孩纸们，我回来了！,,https://t.bilibili.com/911570765247152336
2024-03-19 12:00,VIDEO,杀戮尖塔—粉丝：七层精英直接扑街大毒种！ 豹豹：有点东西！,,https://t.bilibili.com/910457509691523079
2024-03-16 12:00,VIDEO,杀戮尖塔—粉丝：空过了一局问号！在心脏穷死！ 豹豹：窝去是真的！,,https://t.bilibili.com/909344279957078082
2024-03-15 18:00,VIDEO,杀戮尖塔—粉丝：一层堵路三精英！直接豹毙！ 豹豹：没事，二层还堵了俩！,,https://t.bilibili.com/909065974655746179
2024-03-12 12:00,VIDEO,杀戮尖塔—粉丝：罕见神化毒种机！ 豹豹：伤害性不大！侮辱性极强！！！,,https://t.bilibili.com/907859913470902408
2024-03-10 18:25,VIDEO,杀戮尖塔—粉丝：猎豹大毒种，删6张没有一点用！  豹豹：安排！,,https://t.bilibili.com/907216922510098520
2024-03-08 13:12,VIDEO,杀戮尖塔—粉丝：大佬机器人94连断连毒种  豹豹：有点东西！,,https://t.bilibili.com/906394109890002948
2024-03-07 12:00,VIDEO,杀戮尖塔—白夕Seal 3月录播合集！,,https://t.bilibili.com/906004650807787527
2024-03-07 12:00,VIDEO,杀戮尖塔—粉丝：极其罕见观者手里剑毒种！毒麻了！ 豹豹：有点东西！,,https://t.bilibili.com/906004487597982040
2024-03-06 12:00,VIDEO,杀戮尖塔—粉丝：18集中䗮种机器人！ 豹豹：真的是机机又气人啊！,,https://t.bilibili.com/905633428222771336
2024-03-05 12:00,VIDEO,杀戮尖塔—粉丝：究极毒种！真的毛都没有！ 豹豹：那就尝尝我的钢铁疯豹口牙！,,https://t.bilibili.com/905262317251330128
2024-03-04 11:02,VIDEO,杀戮尖塔—粉丝：顶级猎豹毒种，一层就活不了一点！ 豹豹：有点东西！,,https://t.bilibili.com/904876289895170080
2024-03-02 12:05,VIDEO,杀戮尖塔—粉丝：战士一层五精英但后面直接给地上爬！  豹豹：小陀螺！开转！,,https://t.bilibili.com/904150315879628853
2024-02-29 09:29,POST,,胃镜结果出来惹，下午五点要去取报告，看情况鸽！反正慢性胃炎倒是已经确诊了！[委屈] 分享下胃镜经验 1.喝一个润滑液，难喝，喝下去一直上痰[委屈] 2.一个超级大针筒的麻药，不过不打身上不会痛，从生理盐水吊针那里直接有第二个输药孔，三分之一下去就睡着了 3.做完毫无感觉，切了息肉也没感觉，醒了会很困！而且要求三小时禁饮食[委屈] 好困，噶人们睡大觉大于一,https://t.bilibili.com/903367991882678275
2024-02-26 12:05,VIDEO,杀戮尖塔—2小时逆天毒种！毛都没有但惊险翻盘的大卡组华丽猎！,,https://t.bilibili.com/902294889986785395
2024-02-25 12:10,VIDEO,Balatro—肉鸽卡牌新秀！小丑牌试玩！很可能是新的传奇！,,https://t.bilibili.com/901925093329862704
2024-02-25 10:54,POST,,历时两周，我们第一届思豹尔杯也算圆满结束辣！[脱单doge] 恭喜@超帕味棉花糖是从败者组一路诈降杀上冠军，什么叫冠军之姿啊！斩获奖金2400元！[打call]这下豹金币了！ 恭喜@花华c从一审落选到胜者组出线锁定亚军，获得奖金1200元！[打call] 恭喜@橘予猪 为我们带来的节目效果并拿下季军！获得奖金900元！[吃瓜] 恭喜@星下秋月 因为扛不住冠军吱吱的诅咒止步殿军，获得奖金600元！[笑哭] 再次感谢@陈哥1 @破碎的星光brkstar 两位嘉宾的支持与帮助！[打call] 于是乎，我们第一届的豹豹杯比赛也和春节假期一起结束辣！这是豹豹第一次筹办比较大规模的赛事，如有不周之处还望大家多谅解！从海选200多个视频到最后全程跟进，这下深深理解拉斐尔的不易了。当然最重要的事大伙看的开心，希望尖塔能带给大家更多的乐趣与美好回忆！[给心心] 如果不出意外，下一届思豹尔杯起码要明年再见辣！但是这种形式的比赛看起来大伙都挺喜欢的，可能后续周末会有组织小规模比赛，可以期待一下哦！ 至此，也算是完成了豹豹从第一届猫粮杯就想要自己举办一次比赛的小心愿！见到几年以来的成长与认识越来越多的朋友还是很让豹欣慰！ 新的一年大家也要开心哇，愿你被生活温柔以待！祝返工返学顺利，我们明年再见！ [2024],https://t.bilibili.com/901905632817315847
2024-02-25 10:30,VIDEO,杀戮尖塔—第一届思豹尔杯 决赛日合集（含表演赛）,,https://t.bilibili.com/901899327791693879
2024-02-24 12:00,VIDEO,杀戮尖塔—棱镜特有的穷的没有底裤！ 4:55速通绝境阿尔法绿帽翻盘机！,,https://t.bilibili.com/901551521371521113
2024-02-23 12:20,FORWARD,,不太像是人类能整的活[微笑] 这个up也剪了比赛切片，精选喵,https://t.bilibili.com/901185706125164576
2024-02-23 12:00,VIDEO,杀戮尖塔—铜箔还有这种配合？5:06速通棱镜妙手猎！,,https://t.bilibili.com/901180401841602645
2024-02-23 11:46,POST,,今晚额外安排了思豹尔杯训练赛[脱单doge]给决赛圈选手们为明天决赛再拱拱火！ 时间依然是晚7点，规则为: 1.选手可以选择解说席的其中一位作为对手（陈哥表示好久不爬了 所以不会亲自打） 2.其他视角将着重关注选手局内，提出一些指导建议 3.选手可以选择解说方棱或不棱和职业，不影响自己棱镜的取舍 4.每位选手1-2局，根据选手个人意愿 录播也会在凌晨尽快发出，让我们期待三位决赛圈高手今天明天的精彩发挥！@橘予猪 @超帕味棉花糖 @花华c [打call][打call][打call],https://t.bilibili.com/901176892858564627
2024-02-23 11:21,FORWARD,,二月录啵指路~[脱单doge][给心心],https://t.bilibili.com/901170338726936661
2024-02-22 12:05,VIDEO,杀戮尖塔—最相信羁绊的一集！无数值无运转纯羁绊抗压翻盘猎！,,https://t.bilibili.com/900810549321793648
2024-02-18 10:27,POST,,思豹尔杯第八天比赛已经圆满结束！[脱单doge] 不知不觉我们的比赛赛程也和春节假期一起步入尾声，最终的半决赛与决赛将在下周六元宵节完成，敬请期待！ 四强赛看点：[打call] 1.第二局 花华c 对战 超帕味棉花糖，花华开局想走点穴，但一层金渎神直接ap转ad，但双方一直缺乏优质攻击牌，最终棉花糖没抗住压力二层止步收藏家憾负 2.第五局 星下秋月 对战 橘予猪，橘猪再次贿赂心脏，50%概率赌到重击成功碎心，如果赌输会被直接0封抬走！最相信羁绊的一集！ 3.第六局 星下秋月 对战 橘予猪，星下秋月被毒奶冠军之姿，但开局因少一个遗物正好是关键遗物树枝，虽然速度领先但豹毙收藏家进入败者组 4.第七局 胜者组决赛，花华c 对战 橘予猪，双精简华丽观一起猛冲，最终花华多一张渎神领先半分钟胜出 5.第九局，花华c 对战 橘予猪，橘猪棱镜暴怒机对战花华原版机，橘猪速度优势先到收藏家但缺过牌豹毙，而花华在收藏家门口也不敢进红面具当场耻辱上贡506金币，但最终成功通关收藏家取胜，保底亚军！ 6.第十三局，星下秋月 对战 超帕味棉花糖，棉花糖棱镜渎神机对战原版机，道中双方一起秒秒秒但最终双双觉醒者坐牢，但星下秋月觉醒者选择不睡觉回忆搏一搏心脏，最终棉花糖成功通关觉醒者取胜！同时星下秋月被毒奶冠军吱吱当场抬走！ 感谢大家的支持和关注，新年快乐！我们下周再见！ [给心心],https://t.bilibili.com/899301044413005825
2024-02-18 10:15,VIDEO,杀戮尖塔—第一届思豹尔杯四强赛合集,,https://t.bilibili.com/899297861839093879
2024-02-17 09:40,POST,,思豹尔杯第七天比赛已经圆满结束！[脱单doge] 三天八强赛均已完成，恭喜四位四强选手：超帕味棉花糖 ，橘予猪 ，星下秋月 和 花华c！ 再次感谢选手们为我们带来的精彩比赛！ 第七日看点：[打call] 1.第一局 花华c 对战 超级issac，双方渐强秒秒秒局，后期缺过牌双双陷入困境。花华最终鬼抽豹毙矛盾，而issac因三层boss落后3分钟必须碎心才能取胜，但最终也鬼抽豹毙心脏憾负 2.第三局 橘予猪 对战 该隐未隐，万物0费机对战该隐均卡机，但该隐缺能力卡后期数值不足止步蛇女，而橘猪科普多个冷知识后通过大量特解防碎心胜出 3.第四局 橘予猪 对战 该隐未隐，该隐弟弟再次上线，初始选项落后一件冰激凌旋风斩，但凭硬实力反超2分钟碎心，将比分扳回一比一平 4.第五局 橘予猪 对战 该隐未隐，该隐天选霉比，一层关底史莱姆做抽牌堆，但过出残杀直接虚无导致仅打击有输出，最终不出意外被史莱姆打成碎片，遗憾止步八强 剩余四强赛部分将在明日一起发布！ 第八日赛程：[doge] 1.橘予猪 VS 花华c（胜者组决赛） 2.星下秋月 VS 超帕味棉花糖（败者组决赛 败者殿军） 两场均为bo5，今天赛程结束后将在下周六元宵节进行最终的半决赛和决赛，休赛一周，敬请期待！ 四强赛录播将在今晚比完后一起发布，噶人们等我一哈！ 感谢大家的支持和关注，新年快乐！屋屋，假期要结束力！ [委屈][委屈],https://t.bilibili.com/898917967689941008
2024-02-16 10:49,POST,,思豹尔杯第六天比赛已经圆满结束！[脱单doge] 三天八强赛的第二日比赛已完成，已有2位选手挺进四强，而今天将决出最后的两位四强名额，并分出四强赛的胜败者组。祝选手们继续抗住压力，打出水平！ 第六日看点：[打call] 1.第一局 超帕味棉花糖 对战 橘予猪，橘猪开局渎神巨大优势但差距没有拉的太开，最终因昨日运势超载，人不可能一直幸运鬼抽被心碎反杀，由棉花糖后来居上拿下第一分 2.第二局 超帕味棉花糖 对战 橘予猪，橘猪二层即便幽魂愤怒但仍极缺输出被拉出很大差距，但棉花糖因错过恶魔火，烟雾弹和当当当被以1分钟优势反超 3.第六局 花华c 对战 ccwwei，花华一层仅+4的灼热最终开爽碎心胜出，诋毁灼到还得是灼！唯有信任！ 4.第九局 浅暮 对战 超级issac，issac表演蛇眼旋身旋风斩精致妙手！但因心脏缺防豹毙反而被浅暮稳稳无限卡组扳回一分！ 5.第十局 浅暮 对战 超级issac，issac开局意义不明一张操控现实，三层真的赌出树枝！双方最终在老头均交出战斗sl且差距仅19秒！但最终浅暮矛盾鬼抽被打成碎片，issac虽然也缺能力牌但操控树枝成功碎心赢下生死局！ 第七日赛程：[doge] 1. 橘予猪 VS 该隐未隐 2.超级issac VS 花华c 3. 星下秋月 VS 第一组胜者 4.超帕味棉花糖 VS 第二组胜者 四场均为bo3，后续两场为四强赛的一部分，将决出胜败者组 感谢大家的支持和关注，新年快乐！ [2024][2024][2024],https://t.bilibili.com/898564693744943124
2024-02-15 10:05,VIDEO,杀戮尖塔—第一届思豹尔杯8进4合集,,https://t.bilibili.com/898182029343981639
2024-02-15 04:09,POST,,思豹尔杯第五天比赛已经圆满结束！[脱单doge] 三天八强赛的第一日比赛已完成，今天依然有许多精彩或幽默的操作，我必须立刻鼓励选手继续发扬！[打call][打call] 同时感谢@爱丽丝拉斐尔_Official 送出的900元红包！拉猫猫生日快乐！ 第五日看点：[给心心] 1.第一局浅暮 VS 星下秋月，速度相差无几，但浅暮凭实力超快手速直接卡出钥匙bug当场寄寄 2.第四局超级issac VS 该隐未隐，issac一层2个遗物之差错过了超级机器人爽种，鸡煲人上人！ 3.第七局橘予猪 VS ccwwei，橘猪究极强运无过牌整局不鬼抽，外加心脏50%抽奖成功碎心险胜 4.第十一局花华c VS 超帕味棉花糖，看似灵体刀贼爽种，但双双带尾巴豹毙！喵喵队最终让一追二汪汪队！ 第六日赛程：[打call] 1.超级issac VS 浅暮 2. ccwwei VS 花华c 3.星下秋月 VS 该隐未隐 4. 橘予猪 VS 超帕味棉花糖 四场均为bo3 录播将在10点定时发布， 感谢大家的支持和关注，新年快乐！ [2024][2024][2024],https://t.bilibili.com/898090490677690368
2024-02-14 07:14,POST,,思豹尔杯第四天比赛已经圆满结束！[脱单doge] 16进8阶段已经完成，比赛已进行至中段，本届比赛让我们认识了许多新面孔的高手，恭喜 1.超级issac 2.星下秋月 3.浅暮 4.橘予猪 5.超帕味棉花糖 6.花华c 7.该隐未隐 8.ccwwei 八位选手拿下八强席位，期待各位选手接下来的精彩发挥！[打call][打call] 第四日简报： 1.该隐未隐 对战 满足的心，棱镜观对战传统观，满足的心没拿到攻击牌且咖啡杯二层连战大战损最终止步溜鸟邪咒遗憾退场 2.嘤嘤哒才雪 对战 哦不次，双棱镜猎时间追的非常紧，但最终嘤嘤哒才雪以一处陀螺妙手分扳回14秒差距反超16秒，哦不次成为棱镜主观分第一位受害者遗憾退场 3.浅暮 对战 譞譞w，双棱镜猎手对局，但浅暮一路优势最终稳稳碎心领先2分钟获胜 4.橘予猪 对战 和煦光流，开局光流领先一张神化，但最终橘猪精彩反超2分钟碎心取胜 5.二硫键 对战 超帕味棉花糖，双棱镜开局黑化，但因世界线的参差棉花糖领先一张肚皮全面领先，最终碎心领先2分钟获胜 6.花华 对战 ccwwei，本届比赛目前唯一一局无棱镜对局，双电动力开局，但ccwwei一路没注意到提速被花华以5分钟优势碎心获胜 7.二硫键 对战 该隐未隐，二硫键棱镜机对决该隐原版机，但二硫键蹲起缺防豹毙遗憾退场 8.ccwwei 对战 和煦光流，二层4问号4战超级毒种，两人同层豹毙但ccwwei以4分优势幸运取胜挺近八强 9.嘤嘤哒才雪 对战 浅暮，开局选项参差导致浅暮直接平白领先一张神化，最终也以浅幕稳稳优势碎心结束 第五日赛程： 1.星下秋月 VS 浅暮 2.超级issac VS 该隐未隐 3.橘予猪 VS ccwwei 4.花华c VS 超帕味棉花糖 四场均为bo3 感谢大家的支持和关注，新年快乐！ [2024][2024][2024],https://t.bilibili.com/897767032418729988
2024-02-13 01:26,POST,,思豹尔杯第三天比赛已经圆满结束！ 已有2位选手锁定了八强晋级名额，剩余6位八强名额也将在今日决出！ 第三日简报： 1.超级issac 对战 花华，两人渐强棱镜开局，但都因路线未能碎心，最终以issac通关三层boss快2分钟胜出并锁定八强 2.哦不次 对战 mirror，棱镜战对战原版战，但mirror原版战止步蹲起遗憾离场 3.浅暮 对战 和煦光流，浅幕一层过于精简缺上限毙于六火憾负 4.超帕味棉花糖 对战 该隐未隐，棉花糖原版猎对战该隐抗压棱镜猎，两人过三层boss仅差0.5秒但最终由棉花糖碎心胜出 5.譞譞w 对战 冬马和纱，机宝超级毒种但譞譞w的原版机以带骨肉优势领先5层胜出 6.星下秋月 对战 橘予猪，两人棱镜聚能观，但最终星下秋月以1分钟优势碎心胜出并锁定八强 7.嘤嘤哒才雪 对战 二硫键，二硫键妙手原价树枝，最终成功碎心以30秒优势胜出 8.满足的心 对战 ccwwei，两人棱镜观，但满足的心伏笔导致史莱姆豹毙憾负 第四日赛程： 满足的心 VS 该隐未隐 嘤嘤哒才雪 VS 哦不次 譞譞w VS 浅暮 橘予猪 VS 和煦光流 二硫键 VS 超帕味绵花糖 ccwwei VS 花华c 以及还有三场会当时决定 感谢大家的支持和关注，新年快乐！,https://t.bilibili.com/897306148295671842
2024-02-12 06:28,POST,,思豹尔杯第二天比赛已经圆满结束！ 在今天我们将迎来部分确定16强晋级的选手，敬请期待！感谢昨日选手带来的精彩比赛！ 第二日简报： 1.哦不次 对战 浅暮 双棱镜灵体幻杀观 由浅幕碎心胜出 2.mirror 对战 超帕味棉花糖 传统猎对阵棉花糖棱镜猎，mirror因一路霉比憾负 3.譞譞w 对战 该隐未隐 双坐牢机10分钟双双暴毙，该隐存活较久胜出 4.和煦光流 对战 冬马和纱 再次坐牢机，光流鏖战近50分钟碎心胜出 5.嘤嘤哒才雪 对战 超级issac，小毒种由issac关键苦无碎心胜出 6.星下秋月 对战 二硫键，双幻杀渐强开局，星下秋月关键金字塔成功碎心胜出 7.橘予猪 对战 ccwwei，双灵体渐强局，橘猪心脏致命失误但因前期优势以30秒胜出 8.满足的心 对战 花华c，棱镜机对传统机，但满足的心因事件sl过于重要被迫选择危险路线当场暴毙憾负 第三日赛程： 1.譞譞w VS 冬马和纱（败者淘汰） 2.哦不次 VS mirror（败者淘汰） 3.浅暮 VS 和煦光流 4.超帕味棉花糖 VS 该隐未隐 5.超级issac VS 花华c（胜者晋级） 6.星下秋月 VS 橘予猪（胜者晋级） 7.嘤嘤哒才雪 VS 二硫键 8.满足的心 VS ccwwei 感谢大家的支持和关注，新年快乐！,https://t.bilibili.com/897013093856444420
2024-02-11 10:05,VIDEO,杀戮尖塔—第一届思豹尔杯16进8合集,,https://t.bilibili.com/896697688637046864
2024-02-11 01:26,POST,,思豹尔杯第一天比赛已经圆满结束！[脱单doge] 因为是瑞士轮赛制，所以第一天失败不是很关键，要到第三天才会有积满3分晋级的选手， 希望大家不要紧张，尤其吸取一下第一天比赛的经验，祝愿选手能在接下来有更好的发挥！[打call][打call] 第一日简报：[妙啊] 1.ccwwei 和 该隐未隐的莫名抗压棱镜观 由ccwwei碎心胜出 2.譞（xuan）譞w 和 橘予猪的暴怒棱镜机 由橘予猪通过三层boss胜出 3.mirror 和 花华c的暴怒棱镜战 均成功碎心，但花华灼热更胜一筹 4.满足的心 和 超帕味棉花糖的幽魂棱镜刀贼，经历一次重赛后由满足的心碎心胜出 5.浅暮 和 星下秋月的棱镜招牌观，冲的很快但很鬼抽，由星下秋月抗住压力通过三层boss胜出 6.哦不次 和 二硫键的棱镜战，腐化金字塔对腐化华丽，最终由二硫键碎心胜出 7.嘤嘤哒才雪 和 和煦光流的卡卡豹毙观，光流局内瑕疵豹毙蹲起憾负 8.超级issac 和 冬马和纱的渎神精准刀猎，给大家表演自爆99999后由超级issac通过三层boss胜出[滑稽] 第二日赛程： 1.浅暮 VS 哦不次 2.mirror VS 超帕味棉花糖 3.该隐未隐 VS 譞譞w 4.和煦光流 VS 冬马和纱 5.嘤嘤哒才雪 VS 超级issac 6.星下秋月 VS 二硫键 7.ccwwei VS 橘予猪 8.满足的心 VS 花华c 同时补充网络状况规则，屏幕断开直播累计四分钟将在原则上判负，具体根据实际情况有可能调整[委屈] 感谢大家的支持和关注，新年快乐！ [2024][2024][2024],https://t.bilibili.com/896563982241890361
2024-02-10 01:50,POST,,大家除夕快乐鸭！[2024]经过半个月的海选，正赛名单已新鲜出炉！感谢选手们的积极参与，接下开让我们期待16位正赛选手的精彩发挥！同时非常感谢各位老板的赞助！最终奖池已提高50%，请以赞助海报为准！[给心心][给心心][给心心] 2.10号赛程为：晚上19:00开始，共八局， 1.ccwwei丶 VS 该隐未隐 2.譞譞w VS 橘予猪 3.花华c VS mirror 4.满足的心 VS 超帕味棉花糖 5.星下秋月 VS 浅暮 6.double二硫键 VS 哦不次 7.和煦光流 VS 嘤嘤哒才雪 8.超级issca VS 我永远喜欢冬马和纱啊 非常感谢大家对比赛的支持与关注！希望能给大家带来一个快乐的春节假期！,https://t.bilibili.com/896199128841715720
2024-02-07 11:15,VIDEO,杀戮尖塔—竞速技巧速览！手慢也可以用方法取胜！,,https://t.bilibili.com/895231601558945811
2024-02-04 17:30,VIDEO,杀戮尖塔—白夕Seal2月录播合集！,,https://t.bilibili.com/894214780937568321
2024-02-04 17:25,VIDEO,杀戮尖塔—最有理解的一集！初见负1分钟竞速猎！,,https://t.bilibili.com/894213479548846085
2024-02-01 11:20,VIDEO,杀戮尖塔—思豹尔杯二审高手 阅卷合集！,,https://t.bilibili.com/893006164237746263
2024-01-30 10:39,FORWARD,,[doge]是一份在设计者角度的尖塔ui问卷，有空可以了解一下,https://t.bilibili.com/892253466935689255
2024-01-28 12:30,FORWARD,,[脱单doge]目前通过一审的名单公示，晚些会在海选群放id文本文档和二审规则。 一般没有感谢参与喵的就是通过一审，如有遗漏请在海选群联系主播！,https://t.bilibili.com/891539888182132770
2024-01-26 11:50,VIDEO,杀戮尖塔—思豹尔杯预热表演赛 哦不次 VS 小饼干,,https://t.bilibili.com/890787384142069776
2024-01-25 02:43,POST,,因为上条动态没有写清抽奖是评论还是视频！ b站还把我新动态删掉了！所以变成视频和动态各抽三个！6个50元红包！ 昨晚直播抽的，结果公平公正哦！恭喜中奖捏！[给心心] 请注意查收私信！ 注：b计算评论总数时会统计楼中楼 但本次抽奖中避免重复抽奖不计楼中楼层数 一个个数的有点累，现在原来这么不智能的[委屈],https://t.bilibili.com/890275350993436678
2024-01-23 17:09,FORWARD,,豹豹第一次恰饭饭！[给心心] 点赞评论抽四个50红包哦！截止时间明天开播，记得来点一下哦！,https://t.bilibili.com/889756531864633383
2024-01-23 17:03,VIDEO,弈仙牌—8000小时尖塔高手不敌人机的卡牌游戏！,,https://t.bilibili.com/889754951321911350
2024-01-23 11:12,VIDEO,杀戮尖塔—2024年思豹尔杯海选一审直播,,https://t.bilibili.com/889664572285255688
2024-01-23 11:04,VIDEO,艾尔登法环—最良心的一集，特意给粉丝省钱！,,https://t.bilibili.com/889662317465174054
2024-01-22 09:24,FORWARD,,晚点会发新视频解释一下部分有争议的点，且截至目前赞助奖金已达6500元上限[星星眼][星星眼]。目前赞助共收到2680元，剩余部分将由豹豹补齐！非常感谢老板的赞助和各位选手的参与！[脱单doge],https://t.bilibili.com/889265432382406674
2024-01-19 14:12,POST,第一届思豹尔杯预定春节举办啦,因拉猫猫没空，寒假的这次比赛就由豹豹举办啦！诶嘿，也是完成了选手-解说-主办方的一路通关，最有情怀的一集！[星星眼] 主体上我们沿袭了往届猫粮杯的规则，但整体略微提高了整体难度和专业度。加入了可选的棱镜减时作为博弈选项，作为第一届新的尝试，也会在近期继续实验完善规则，可能在后续热补丁紧急修正。敬请期待选手们在更大范围多职业卡池的妙手频出！[doge] 解说席依旧是请到了我们的老朋友@破碎的星光brkstar 与@陈哥1 ！也在此感谢xggg和陈哥的帮助！[给心心] 对于海选本次比赛有了较大改动，请有意报名的选手注意阅读相关规则！[脱单doge] 希望大家踊跃报名，小海豹该豹金币了！[傲娇] 主办方也会尽全力给大家带来更好的参赛观赛体验，敬请期待！,https://t.bilibili.com/888226385339875352
2024-01-19 12:35,VIDEO,杀戮尖塔—思豹尔杯规则棱镜局录播合集,,https://t.bilibili.com/888201539182657542
2024-01-10 18:00,VIDEO,杀戮尖塔—晚尖食堂：3.死去活来的红色咔咔！,,https://t.bilibili.com/884945502749065284
2024-01-07 10:00,VIDEO,杀戮尖塔—晚尖食堂：2.绿帽但灵体观者贼！,,https://t.bilibili.com/883708547865509941
2024-01-06 18:25,VIDEO,杀戮尖塔—晚尖食堂：1.绿帽愤怒攻哈战！,,https://t.bilibili.com/883467673240862741
2024-01-04 16:50,POST,,@Whitose 画的尖塔周边！[脱单doge]包括明信片贴纸和亚克力，帮转一下！有想法的可以直接私信作者@Whitose,https://t.bilibili.com/882700987192573959
2024-01-03 00:54,VIDEO,艾尔登法环—菜豹来辣！轮椅王录播合集,,https://t.bilibili.com/882083486855331841
2024-01-02 23:45,VIDEO,杀戮尖塔—白夕Seal1月录播合集！,,https://t.bilibili.com/882065688530780165
2024-01-01 11:42,POST,,2024新年快乐鸭！祝大家新年事业有成，学业顺利！ 还有快看豹豹的可爱新头像[给心心][给心心]谢谢画师麻麻@雾流w [星星眼] 最后新的一年也要继续给大家带来豹毙哦！！[傲娇],https://t.bilibili.com/881508386443624482
2023-12-29 16:58,FORWARD,,好猪一个 🐷一个好猪 🐷[doge],https://t.bilibili.com/880476567802740771
2023-12-28 16:10,POST,,豹豹屁垫地址收集！[傲娇] 天选中奖直接按b站提示填写地址即可。 没有收过屁垫的旧舰长或24-26号期间上过舰的舰长（也就是可以获取第二个）请加私信里的舰长群，私聊豹豹地址+手机号，并附舰长记录！ 修豹豹要被坐至身下力！！[委屈],https://t.bilibili.com/880093147504312322
2023-12-25 13:38,POST,,圣诞快乐鸭！不用qq或者不想进群的小白夕可以下载本动态的大头女鹅也可以获取豹豹输入法[doge] 1.下载第一幅女鹅大头图 2.更改后缀为zip并解压得到ssf文件（没有后缀百度“显示文件后缀”） 3.更新搜狗输入法为最新版双击打开ssf文件即可[给心心][给心心],https://t.bilibili.com/878940520002355233
2023-12-25 13:32,POST,,圣诞快乐鸭！考研顺利鸭！以及豹豹输入法来力鸭！[星星眼] 请加入豹群群文件直接下载！群号：675664157 [给心心] 使用方法：更新至搜狗输入法最新版本直接打开ssf文件即可~[脱单doge] 24号到26号上舰还有小海豹屁垫福利，可以把豹豹压至身下力！记得要开心哦！ [给心心],https://t.bilibili.com/878939003863171075
2023-12-23 12:01,VIDEO,杀戮尖塔—最新好活！Ai眼中的尖塔？杀戮尖塔版IQ测试？,,https://t.bilibili.com/878173352931360880
2023-12-23 08:14,VIDEO,杀戮尖塔—白夕Seal12.5月录播合集！,,https://t.bilibili.com/878114915618914312
2023-12-22 18:30,VIDEO,杀戮尖塔—梗知识科普！了解尖塔行话与最新热梗！,,https://t.bilibili.com/877902512320938086
2023-12-21 16:55,POST,,噶人们今晚鸽一天，明天见！叔叔发的流量包要过期了做个视频先[脱单doge][脱单doge] 附可爱的圣诞豹豹输入法！,https://t.bilibili.com/877507156250722311
2023-12-20 13:54,FORWARD,,群里最近每晚都在组织尖塔主题的你画我猜[doge][doge]很有意思，想参加的朋友可以进一下豹群675664157。菜，就多画。猜不出来，就啵嘴！,https://t.bilibili.com/877089436340322305
2023-12-16 13:58,POST,,感谢@Whitose 做的尖塔贴纸！我们尖塔也有周边力！呃呃（大呃虫战吼）！ 精美滴很呐[给心心][给心心],https://t.bilibili.com/875605950353899525
2023-12-13 14:04,FORWARD,,怪可爱的！！[给心心],https://t.bilibili.com/874494322621284352
2023-12-07 15:48,POST,,考验小白夕医术的时刻到了！ 请根据下图诊断小海豹病情并用祈使句说出主播今天播不播[给心心] 满分参考答案：豹豹别播了，谁来都播不了！ 惨状图就不发动态了，可以进群看豹豹露骨带血图[doge],https://t.bilibili.com/872294672535388164
2023-11-28 16:36,VIDEO,杀戮尖塔—白夕Seal12月录播合集！,,https://t.bilibili.com/868967301003608081
2023-11-12 16:44,POST,,画师麻麻的新图图！@雾流w 可爱滴捏！[给心心][给心心][给心心],https://t.bilibili.com/863031802229424144
2023-11-09 10:19,VIDEO,杀戮尖塔—迟到的超级竞速种！7分32灼热敲豹心脏！,,https://t.bilibili.com/861819521940324357
2023-11-05 02:17,VIDEO,杀戮尖塔—白夕Seal11月录播合集！,,https://t.bilibili.com/860210945011482626
2023-10-28 15:25,FORWARD,,只因mod作者的又一力作[doge],https://t.bilibili.com/857445295293726774
2023-10-23 12:36,VIDEO,【杀戮尖塔猫粮杯5】决赛,,https://t.bilibili.com/855546374302728194
2023-10-22 22:02,VIDEO,杀戮尖塔—第五届猫粮杯决赛！ 二台视角,,https://t.bilibili.com/855320957224484888
2023-10-22 20:16,FORWARD,,转发动态,https://t.bilibili.com/855293615479455744
2023-10-21 10:30,VIDEO,【杀戮尖塔猫粮杯5】四强双败赛,,https://t.bilibili.com/854771742591156288
2023-10-21 10:11,VIDEO,杀戮尖塔—第五届猫粮杯四强赛  二台视角,,https://t.bilibili.com/854766674517164067
2023-10-21 00:30,FORWARD,,超乐！[吃瓜][吃瓜]但牙刺卡鱼缝力了555555555,https://t.bilibili.com/854617098246160391
2023-10-14 15:04,VIDEO,【杀戮尖塔猫粮杯5】八强赛,,https://t.bilibili.com/852244708391387287
2023-10-14 10:00,VIDEO,杀戮尖塔—第五届猫粮杯8进4 二台视角,,https://t.bilibili.com/852166424028774405
2023-10-12 00:00,POST,,超级谢谢阿源源一年滴陪伴！[大哭][大哭]这下是一个bigbigbigV嘞！获得赠言：明年不要馋主播鼙鼓嘞！[给心心],https://t.bilibili.com/851269402903969860
2023-10-08 00:11,FORWARD,,最近早上偷啵阿斯特赖亚[doge]还有可以关注一下泠鸢豹豹！录播豹豹更的细，泠鸢豹豹更的快！直播豹豹更的没有！,https://t.bilibili.com/849788038637682712
2023-10-05 00:26,FORWARD,,我靠！铁锅炖女鹅真有小说！[tv_惊吓],https://t.bilibili.com/848678541193117729
2023-10-03 10:30,VIDEO,【杀戮尖塔猫粮杯5】十六强赛,,https://t.bilibili.com/848092029065887776
2023-09-30 11:49,FORWARD,,群友写的啸海豹大作文，请选择你的豹毙选项[傲娇],https://t.bilibili.com/846999148877053953
2023-09-22 00:03,FORWARD,,关注猫娘杯喵！关注猫娘杯谢谢喵！[脱单doge],https://t.bilibili.com/843848468235550754
2023-09-15 07:44,FORWARD,,坏了，听了一句昨天的饭饭已经吐了[酸了][酸了]一看空间上个月的饭饭也吐出来了[傲娇],https://t.bilibili.com/841369675113693201
2023-09-13 23:49,FORWARD,,好帅的战豹！黑化女鹅好凶！[doge][脱单doge] 500连视频下次一定发！,https://t.bilibili.com/840876226296938536
2023-09-13 00:41,FORWARD,,[doge],https://t.bilibili.com/840518730398040065
2023-09-09 00:15,POST,,恭喜杀戮尖塔第一男人战士哥500连胜！[doge] 感谢小白夕的陪伴指导捏！[星星眼] 特别感谢@秀才爱偷菜 超级老板的总督！！谢谢谢谢谢谢谢谢谢！！！ 砰砰砰，磕头嘞！杀戮尖塔区最出息的一天！ 猎豹也在队列中嘞！[脱单doge][脱单doge]后续不见不散捏！,https://t.bilibili.com/839027530638819349
2023-09-01 15:22,FORWARD,,7 8点左右[脱单doge] 准时豹毙,https://t.bilibili.com/836292684457967621
2023-08-27 13:34,FORWARD,,转发动态,https://t.bilibili.com/834409491612041217
2023-08-24 08:16,POST,,突破400啦！[星星眼][星星眼]感谢昨晚小白夕的助力捏！感觉300还在昨天！ 特别感谢@罗伯特倒立 老板的啸飞船！蟹蟹蟹蟹，老板大气！[给心心][给心心] 这下不500不行惹！[OK],https://t.bilibili.com/833214279777779714
2023-08-19 07:58,FORWARD,,我去，修豹豹！！[给心心][给心心],https://t.bilibili.com/831354004647706632
2023-08-16 23:26,FORWARD,,一只小海豹试图浑水摸鱼！有没有小白夕来陪豹豹毙毙啊？[doge][doge] 感谢主办方给的机会捏！双厨狂喜~[妙啊],https://t.bilibili.com/830479978783047716
2023-08-02 09:25,FORWARD,,感谢凌风的战士连胜封面捏[脱单doge]是酷酷的黑暗系大小女鹅，什么连胜还没传？诶嘿，萌混过关[给心心],https://t.bilibili.com/825068191144214537
2023-07-30 10:51,FORWARD,,感谢whitose的大女鹅，粗鄙！但女鹅可爱捏[doge][doge][doge],https://t.bilibili.com/823976848537944104
2023-07-30 10:28,FORWARD,,画师麻麻斯国一！[给心心][给心心][给心心]修女鹅好可爱！必须狠狠推荐[doge],https://t.bilibili.com/823971063220142100
2023-06-14 11:35,POST,,嗨嗨嗨，小海豹屁垫来辣[傲娇]！从5.7日当天在舰的舰长和5.7日后新上舰的舰长均可直接联系豹豹领取！这两天也会在直播间通过天选抽奖随机掉料！记得来参与一下哦！一共160个，本期发完即止，不要错过鸭！[doge] 舰长领取方式：在舰长群给豹豹私发航海记录+详细地址（注意省市）+手机号,https://t.bilibili.com/806918385456644101
2023-06-13 17:31,VIDEO,豹论尖塔—那些不为人知的不实用冷知识 第七期,,https://t.bilibili.com/806638997831942147
2023-06-12 18:00,VIDEO,豹论尖塔—那些不为人知的不实用冷知识 第六期,,https://t.bilibili.com/806275368465989874
2023-06-09 12:40,VIDEO,豹论尖塔—那些不为人知的不实用冷知识 第五期,,https://t.bilibili.com/805079593734111255
2023-06-09 10:55,POST,,感谢@Whitose @凌风画的可爱女鹅！非常可爱捏！,https://t.bilibili.com/805052638778359830
2023-06-07 00:10,POST,,半夜偷偷奶高考小白夕！祝考的不会，会的不考哦不对，会的不考，考的不会哦也不对，考的不对哦不会不会。是考的都会！会的都考！加油捏！豹豹の祝福加持！[脱单doge][脱单doge],https://t.bilibili.com/804144368901423127
2023-06-06 14:50,POST,,好好好好好好！我不允许有人不用可爱女鹅表情豹！[傲娇],https://t.bilibili.com/803999903392989255
2023-06-01 16:59,POST,,忘记发了[doge]大朋友儿童节快乐，小朋友记得写作业喵[傲娇],https://t.bilibili.com/802177699338518593
2023-05-08 17:05,POST,,感谢大家昨晚陪修豹一起出生！[doge]这下真的变成百舰bigbig“V”了[给心心][给心心] 非常感谢@阿丧喵喵 @-臨淵- @Vari- @700の阿源 的提督！[傲娇][傲娇]老板糊涂啊 接下来是奖品发送须知： 1.天选中奖和预约抽奖请在私信发我：中奖方式+地址+手机号+收货名 2.舰长礼物请注意私信里的自动回复，进入舰长群后QQ联系我 格式为：航海记录截图+地址+手机号+收货名 截图位置手机端在：个人界面-我的直播-大航海 [雪花][雪花][雪花][雪花][雪花][雪花][雪花][雪花] 再补充一下奖品获得方式： 1.小海豹玩偶需要在5.7-5.14内上舰即可获得 2.女鹅豹枕只需要在5.7-5.14内将舰长有效期累计达到3/6月即可 具体预览和详情还是移步置顶动态 信息登记请在2周内提交给豹豹，发货从登记开始不超过一个月，会由厂家直接发送[给心心] 豹豹屁垫在联系嘞[傲娇]，后续请关注动态！ 另外昨晚被溃疡痛醒了三次[酸了]今天会晚点来，物理性豹毙嘞！ 那么，我们明年再见！再次谢谢大家[给心心]生日快乐！,https://t.bilibili.com/793273201332322323
2023-05-08 09:26,FORWARD,,美美美美[给心心][给心心][给心心] 但是不够犹太！,https://t.bilibili.com/793155081119727648
2023-05-06 07:56,FORWARD,,很喜欢一款名为杀戮尖塔的开放世界恐怖游戏[doge][doge]明天生日回，今天年假休息一下嗓几！ 掰掰，只能品尝腊豹肉了[傲娇]@录播豹豹,https://t.bilibili.com/792389593409257524
2023-05-05 11:19,FORWARD,,看切片 我只看，录播豹豹！[doge][doge] 怪叫集锦，精吓睡眠！[给心心][给心心],https://t.bilibili.com/792070906793951254
2023-05-05 10:29,POST,,23岁，是豹！,https://t.bilibili.com/792057884479324194
2023-05-04 08:40,POST,,嗨嗨嗨，这是一则5.7号修海豹生日会的预告！ [雪花][雪花][雪花][雪花][雪花][雪花][雪花] 不知不觉又是一年啦！豹豹鸽势出道也已满一坤年（指练习尖塔两年半）。十分感谢大家的支持！这次专门为生日会报了声乐课，有时间可以来听小海豹唱鸽哦！[傲娇]当然还有可爱女鹅的新衣服！船新小女鹅！ 以下还有万众期待的可爱女鹅抱枕掉落！[惊喜] 具体实物礼物规则如下： 1.当日或前后各一周内上舰可以逮捕毛绒小海豹一只（刚刚设计好 定制的可爱豹玩偶）[雪花] 2.累计三个月舰长：即可以获取2023新版女鹅等身抱枕！今年画师麻麻画的女鹅更漂亮了[给心心]！狠狠滴养成系！[雪花] 3.累计六个月舰长：如果去年的实物礼物没有获取过，可以获取去年立牌和抱枕的复刻[雪花] 4.提督大人[doge]可直接获取全部实物奖励，已经不是去年那个瑟缩滴底层小V辣[雪花] 特殊规则：浅浅许愿一个百舰纪念！如果本月百舰达成，实物奖励额外追加——修海豹屁垫！[笑哭]（呀咩咯） 具体会在之后根据实际情况发布 礼物也会在当日或直播预约中幸运抽奖获得，可以期待一下哦！记得把小海豹抱回家亲亲抱抱举高高，豹门！[打call][打call] 感谢支持，愿你被生活温柔以待～,https://t.bilibili.com/791658701600587776
2023-05-01 10:50,VIDEO,杀戮尖塔—铁甲战士200连胜达成！一剑把尖塔砍豹！,,https://t.bilibili.com/790579110030082049
2023-04-22 08:19,FORWARD,,撅一下录播豹豹 [doge] 好耶,https://t.bilibili.com/787200319387860999
2023-04-17 12:24,VIDEO,杀戮尖塔—机器人真的强死了！！？,,https://t.bilibili.com/785408184180277368
2023-04-02 23:46,FORWARD,,[脱单doge]录播man斯国一呐！,https://t.bilibili.com/780017673807331385
2023-03-24 00:16,FORWARD,,坏了 忘记转了 can can word[脱单doge],https://t.bilibili.com/776314510017298505
2023-03-21 09:39,FORWARD,,录播指路[doge]晚上五点降落山东 到家估计八点左右了，看看能不能啵一下,https://t.bilibili.com/775346385744560150
2023-03-18 07:42,FORWARD,,忘记转了[脱单doge]制作组采访环节,https://t.bilibili.com/774202799165538311
2023-03-13 09:13,VIDEO,杀戮尖塔—第一届猫粮杯冬季赛决赛！,,https://t.bilibili.com/772370776556830724
2023-03-12 17:27,POST,,好耶！我们是冠军🏆！谢谢大家的鼓励和支持！红豆泥阿里嘎多！ 是罕见的三冠王豹豹！十月份豹豹就被踢去解说台了，也感谢大家对猫娘杯的关注[doge]我们的尖塔，在蒸蒸日上哦！,https://t.bilibili.com/772127148871778369
2023-03-11 23:52,FORWARD,,[脱单doge],https://t.bilibili.com/771855195799814185
2023-03-11 09:39,VIDEO,杀戮尖塔—战士鸽又一力作！不怎么胡的9.24碎心！10分打爆心脏合集！,,https://t.bilibili.com/771635499667292169
2023-03-07 01:02,FORWARD,,[脱单doge]以和为贵，消消火,https://t.bilibili.com/770017860365844569
2023-03-07 00:22,POST,,好好好好好，chatgpt是吧，再夸夸再夸夸[脱单doge][脱单doge] 感谢群友的好活 摩多摩多摩多！！！,https://t.bilibili.com/770007432186298370
2023-03-04 13:59,VIDEO,杀戮尖塔—猫娘杯练习！1分25秒观者速通~,,https://t.bilibili.com/769104793241124866
2023-02-28 21:53,FORWARD,,3月4号准时豹毙喵[脱单doge],https://t.bilibili.com/767742597145821289
2023-02-24 10:15,VIDEO,杀戮尖塔—10:03砍翻尖塔战士鸽！（猫娘杯练习）,,https://t.bilibili.com/766078314475421718
2023-02-17 10:11,FORWARD,,Big Big V特有的录播man[脱单doge]广快关注！,https://t.bilibili.com/763479794836832256
2023-02-14 23:18,FORWARD,,[脱单doge],https://t.bilibili.com/762569463620960310
2023-02-10 17:04,POST,,明天早上的飞机回山东捏！今天早睡！给老爸送个行！鸽惹[doge] 明天见 在海南信号是真烂 麻麻嘞,https://t.bilibili.com/760988524849659989
2023-02-02 11:35,POST,,去海南前的最后一个工作日，所以... 今天鸽[doge][doge] 没豹的日子不要太想我！,https://t.bilibili.com/757935172445274134
2023-01-24 13:44,VIDEO,杀戮尖塔—烟雾弹杀人事件！新年整蛊豹毙第一人！,,https://t.bilibili.com/754628567318397012
2023-01-01 01:21,POST,,新年快乐！这下狠狠的陪没朋友的小白夕跨年了[doge] 顺带感谢@ITX351 @Vari- @700の阿源 三位“姐姐”捏[doge] 祝大家兔年顺顺利利，和和气气，平淡是真！ 新的一年也要善良哦！ （图为长腿海豹）,https://t.bilibili.com/745902327637999618
2022-12-22 11:18,POST,,预计明天痊愈，新冠一轮游脱了一层皮，更哈人的是据说还有不低的概率短期重复阳。 冠前欢声笑语 冠时沉默不语 冠后胡言乱语（指KFC烧了） 而且好像不同毒株之间抗体完全不共通，怎么活哦[UP_1909499809_嘤][UP_1909499809_嘤][UP_1909499809_嘤] 今晚看情况上班，最迟明天正常来,https://t.bilibili.com/742345201366859798
2022-12-20 08:58,POST,,17号：全身乏力，发冷 18号：高烧，出汗后还烧😭 19号：逐渐退烧，喜提刀片拉嗓子 20号：三天没睡过超过3小时整觉，睡眠基本靠晕，醒来嘴里干痛的跟撕了一样😭😭😭 这还是天天吃药的，[UP_1909499809_嘤]不知道什么时候才能活过来，已经！毙毙惹！,https://t.bilibili.com/741566983354450008
2022-12-19 12:44,POST,,好消息：是男的 坏消息：不是孕检,https://t.bilibili.com/741254150815219736
2022-12-18 14:59,POST,,高烧中，请个假！ 大家也要豹护好自己阿！,https://t.bilibili.com/740917721730908209
2022-12-06 07:39,POST,,据相关要求，今日不播,https://t.bilibili.com/736351321066569753
2022-11-02 15:46,VIDEO,杀戮尖塔—从零开始的Nosl机器人爬塔生活！,,https://t.bilibili.com/723859885435912258
2022-11-02 15:18,VIDEO,杀戮尖塔—从零开始的Nosl观豹爬塔生活！,,https://t.bilibili.com/723852858875707395
2022-11-02 15:17,VIDEO,杀戮尖塔—从零开始的Nosl猎豹爬塔生活！,,https://t.bilibili.com/723852472317116455
2022-11-02 15:17,VIDEO,杀戮尖塔—冷知识：全遗物基础牌能不能打过心脏？,,https://t.bilibili.com/723852472317116425
2022-11-02 15:14,VIDEO,杀戮尖塔—从零开始的Nosl战豹爬塔生活！,,https://t.bilibili.com/723851682054668311
2022-11-02 14:32,POST,,新的八张可爱女鹅！！！卡哇伊呐！抱抱豹豹！[脱单doge][脱单doge],https://t.bilibili.com/723840953207488518
2022-11-01 10:32,POST,,万圣节快乐！ 感谢@Whitose 的南瓜女鹅！卡哇伊呐！ 大家有空可以多体验下塔圈指定画触的mod哦（创意工坊搜替罪羔羊）,https://t.bilibili.com/723408059170291744
2022-10-14 02:14,VIDEO,杀戮尖塔—白夕Seal 静默猎手百连合集,,https://t.bilibili.com/716600188120072216
2022-10-13 18:02,VIDEO,杀戮尖塔—杀戮尖塔—白夕Seal十月录播,,https://t.bilibili.com/716473435031601205
2022-09-18 17:57,POST,,毋忘国耻！咕一天！,https://t.bilibili.com/707194879733661697
2022-09-12 15:32,VIDEO,杀戮尖塔—白夕Seal Mod录播合集,,https://t.bilibili.com/704930993835868166
2022-09-11 14:17,VIDEO,杀戮尖塔—杀戮尖塔—白夕Seal九月录播,,https://t.bilibili.com/704540551264862217
2022-09-10 10:35,VIDEO,【动态壁纸】白夕的中秋月豹！  今日豹壁（指壁纸）,,https://t.bilibili.com/704112377362120728
2022-08-30 16:50,FORWARD,,动态营业一波[脱单doge] 帮女鹅妈妈转,https://t.bilibili.com/700127150228897797
2022-08-29 03:20,VIDEO,杀戮尖塔—2022猫粮杯表演赛（选手语音版),,https://t.bilibili.com/699547196498903045
2022-08-28 10:30,VIDEO,【杀戮尖塔猫粮杯3】决赛,,https://t.bilibili.com/699287067520139270
2022-08-28 02:49,POST,,嗨嗨嗨！ 历经半个月猫粮杯终于又夺冠啦！ 在这非常感谢昨晚好多老板的礼物，因为星光陈哥在边上没好第一时间回复！（悲） @毛玉小虎 @lilboa @蓝眸ゝ @香匆 @浪里的花 @可燃冰shkng @桥头钓月 @龙城幻境 @TinyApple @魔方疯才 @小毛怪呀 （排名不分先后） 以及大家的好多好多礼物！ 底层小V乐乐[给心心][给心心] 还没完！今晚表演赛见捏！,https://t.bilibili.com/699168084036943874
2022-08-25 11:30,VIDEO,杀戮尖塔—四强赛 双败制第一天（树枝你不得house）,,https://t.bilibili.com/698189145019777024
2022-08-22 11:20,VIDEO,杀戮尖塔—2022猫粮杯白夕冥场面集锦,,https://t.bilibili.com/697073209352126484
2022-08-19 11:49,POST,,海豹麻辣！,https://t.bilibili.com/695967573090500647
2022-08-18 23:00,FORWARD,,不响丸辣！,https://t.bilibili.com/695769416190656580
2022-08-18 10:02,POST,,我超！九点半准时抢挞挞！ 挞批，挞批收收味～[脱单doge],https://t.bilibili.com/695568793975390265
2022-07-27 19:07,POST,,不知不觉已经又到了一年的这个时候！ 猫娘杯参赛请扫右上角二维码，有机会和豹豹激烈交锋哦[doge][doge] 海选开始日期为，八月12日,https://t.bilibili.com/687545545952067607
2022-07-25 16:37,POST,,排队做个核酸半路窜了[大哭]热毙毙惹！ 迟到的动态留念！ 7.24四职业百连达成！ 十分感谢大家一路的陪伴与资瓷， 非常感谢@Vari- 大老板的提督！ 底层小V哭哭[委屈][委屈] 也非常非常感谢昨晚弹幕太多没读过来的礼物！[惊喜] 百战功成，我们尖塔下一站再见！,https://t.bilibili.com/686764690825543715
2022-07-25 13:50,VIDEO,杀戮尖塔—白夕Seal机器人百连全程录播 (四职业百连达成）机器人实战攻略大全,,https://t.bilibili.com/686721655243800632
2022-07-19 12:00,VIDEO,杀戮尖塔—两千黑球时钟的尽头，是寄器人的未来！,,https://t.bilibili.com/684466840602149017
2022-07-19 02:59,POST,,当计时器走到2547的机器人，会遇见什么？,https://t.bilibili.com/684327215506128920
2022-07-09 13:25,VIDEO,杀戮尖塔—白夕Seal七月录播（内含豹毙）,,https://t.bilibili.com/680777777096425508
2022-07-07 08:48,POST,,忘了发了！,https://t.bilibili.com/679964224352419840
2022-06-29 11:02,VIDEO,杀戮尖塔—机器人百连中途豹毙珍贵记录 （机器人百科全书）,,https://t.bilibili.com/677030199099916291
2022-06-28 17:50,VIDEO,杀戮尖塔—寄术主播含毙量1000%的一天！,,https://t.bilibili.com/676764207484502022
2022-06-19 12:05,VIDEO,杀戮尖塔—灼热赛马，当赛马场跑进一辆摩托车,,https://t.bilibili.com/673335590963380323
2022-06-17 09:39,POST,,弔图！[给心心],https://t.bilibili.com/672555599131574277
2022-06-16 18:01,VIDEO,豹论尖塔—17分钟猎宝精通！静默猎手光速成进阶攻略（二）,,https://t.bilibili.com/672313934199390257
2022-06-06 12:30,POST,,非常感谢@空气麻将候补 超级大老板昨晚的小电视轰炸！ 老板糊涂啊！[害羞] 恰逢一月之期已到，垃圾桶满了吗，给臭底边留一个[委屈][委屈],https://t.bilibili.com/668517835828363283
2022-05-30 15:46,POST,,昨天说滴，今晚请假一天！ 百连录播已上传完毕，没熬住的可以看录播回放！ 明天见捏[doge],https://t.bilibili.com/665970671121072183
2022-05-30 02:38,POST,,从5月25至5月30凌晨 蘸豹从44至100 你见过凌晨2点的尖塔吗 非常感谢@Yuki_100020421 @Vari- @莫笑我坐着听风 大老板的提督！ 也感谢大家好多好多珍贵的礼物！ 啸海豹一定当牛做马，耗子尾汁[笑哭] 机豹下一站再见！,https://t.bilibili.com/665767540647002113
2022-05-29 12:01,VIDEO,杀戮尖塔—白夕Seal 铁甲战士百连合集,,https://t.bilibili.com/665541633951924243
2022-05-23 16:48,VIDEO,豹论尖塔—10分钟猎宝入门！静默猎手光速成进阶攻略（一）,,https://t.bilibili.com/663389206796566578
2022-05-23 13:17,FORWARD,,好耶！可爱捏[doge] 指边上的海豹,https://t.bilibili.com/663334785267007543
2022-05-20 11:54,VIDEO,杀戮尖塔—Nosl珍贵豹毙史料,,https://t.bilibili.com/662200072084127749
2022-05-16 15:57,POST,,果然限流了，乐[呲牙] 第一次投个出圈视频整这闹心活 活动名：我在b站做up主 活动内容：把说实话的限流[doge],https://t.bilibili.com/660778369183383558
2022-05-15 12:01,VIDEO,从0做全职主播14个月吃得起饭吗？1.3万V圈出道能回本吗？,,https://t.bilibili.com/660346527362842659
2022-05-12 11:30,VIDEO,豹论尖塔—Boss遗物的选择（四） 功能性遗物,,https://t.bilibili.com/659225257441230856
2022-05-11 13:43,POST,,溃疡！今晚休息一天，今天也是有灵感的一天哦！ 诶嘿，上次有灵感是什么时候来着[doge],https://t.bilibili.com/658888330129178626
2022-05-11 12:14,VIDEO,杀戮尖塔—不可能通过的战斗？ 游戏名：永远别放弃！,,https://t.bilibili.com/658865510996246612
2022-05-09 10:16,VIDEO,杀戮尖塔—白夕Seal万粉生日纪念鸽回！！！,,https://t.bilibili.com/658092829184098312
2022-05-08 07:19,POST,,非常感谢@Vari- 老板的提督！老板大气（糊涂）[笑哭] 也感谢昨晚上床的老板闷！ @495年的QED @莫笑我坐着听风 @阿苏米琪 @Whitose @moisnotamo @无敌的海王 @烨擺 @黑月KING @龙城幻境 @岚山归故里 @芝士今天学习了吗 @Light憨憨 @这下真的寄了捏 @中沢伴行 @吃馄饨的尘埃 @洛璃和 @清枫izumiko @饮久先啦 @一念芳华 （完了只能艾特20个） @有影子的水 @冷惊流 @RenXDBB @昔君青衿 @奉孝嘉嘉 @浊时熊 @安苑遥 @老夫是个男孩子哒 @0哨子0 @落星8s @进阶18总是豹毙怎么办 @浅暮 @赛博阿尔法 @Temple9 @紫音Offical @ITX351 @城Y 排名不分先后！也由衷感谢昨晚热心祝福豹豹的观众闷和牛马弹幕闷！[给心心][给心心] 底层小豹（V达咩）第一次见这阵仗！梦想成真啦，谢谢大家！ 如果哪一天豹豹膨胀了，记得给它一个大逼兜子[笑哭] 感谢大家可以见证豹滴成长！祝愿我们都会越来越好！,https://t.bilibili.com/657676135762493445
2022-05-08 06:56,POST,,非差感谢昨晚大家的热情支持！ 弹幕姬被卡到直接把录播机鲨了[笑哭][笑哭] 有中奖的小伙伴以及上舰的老板请私信留言具体信息哦。 格式：中奖项目+中奖方式（天选/预约/舰长）+地址 关于疫情导致的快递问题小海豹先去咨询一下！目前按格式发送b站私信即可！ 立牌款式预览如下，选一款喜欢的叭！ 例：如果当天上了两个月舰长或舰长同时中奖或中奖两次也可以选两款哦！,https://t.bilibili.com/657670255952265220
2022-05-07 16:56,POST,,感谢@Whitose 的jojo女鹅！歪日，人设不是小海豹萝莉吗，怎么一股jojo风。 偶买哇，某，信贷一路！[笑哭][笑哭],https://t.bilibili.com/657453896976826377
2022-05-07 16:55,POST,,感谢@Whitose 和@SunshineJAM 的女鹅！！ 不！！不是豹豹的生日吗！发生甚么事了！[笑哭],https://t.bilibili.com/657453596327018516
2022-05-07 12:00,VIDEO,豹论尖塔—【局内篇】药水使用寄巧,,https://t.bilibili.com/657377626944438310
2022-05-07 11:30,VIDEO,豹论尖塔—Boss遗物的选择（三）职业特色遗物,,https://t.bilibili.com/657369878808756226
2022-05-04 14:52,VIDEO,豹论尖塔—Boss遗物的选择（二）通用加费,,https://t.bilibili.com/656308682596810753
2022-05-04 11:27,POST,,豹枕是150×50双面等身哦！面料选择了最好的2WY 立牌也有两款，标准为10cm亚克力立牌！ 不知道准备的够不够多，怕怕捏[笑哭],https://t.bilibili.com/656255815838072857
2022-05-04 11:03,POST,,​不知不觉小白夕已经要一岁啦！[给心心] 感谢大家对豹豹的支持与肯定， 希望大一岁的小海豹能继续为大家带来快乐！[打call] 这里准备了一些小礼物回馈大家， 第一次准备的小活动，如果有什么建议也可以提哦！ 生日会5.7晚6点！rua豹豹！,https://t.bilibili.com/656249695518064661
2022-05-03 13:38,POST,,5.2日晚！小海豹终于1w粉啦[打call][打call][打call] 开播去年至今，在短短一周内同时突破了1w关注大关和收获第一个提督（非常感谢馨悦老板），十分荣幸！ 5.7日还有小海豹生日会哦！这里为大家准备了价值超过6000元的周边礼品， 不求回本，只为感谢一年来陪伴的家人们！能将兴趣作为工作本身就实属幸事！ 今明天会发布预告动态公布详情和抽奖！敬请期待哦 愿你也能被生活温柔以待。,https://t.bilibili.com/655918424673746979
2022-05-01 12:11,VIDEO,豹论尖塔—Boss遗物的选择（一）卡组评估,,https://t.bilibili.com/655153959156056080
2022-04-30 11:10,VIDEO,豹论尖塔—幼儿园小朋友也能听懂的塔学教程—牌序篇,,https://t.bilibili.com/654767038435164168
2022-04-30 00:31,POST,,群友的新晋牛马mod[辣眼睛]有空可以体验一下 检测到溢出的牛马浓度 寄！,https://t.bilibili.com/654602373687148552
2022-04-29 17:09,VIDEO,杀戮尖塔—白夕Seal三月录播合集（下）,,https://t.bilibili.com/654488368082583558
2022-04-29 16:13,POST,,ji感谢 @馨悦です 的提督！！！！！ 小海豹的第一个提督！呜呜呜 值得纪念的一天！我们底层小V出息唠！ （加班可以还到明年了！）,https://t.bilibili.com/654473941295824904
2022-04-28 11:05,VIDEO,豹论尖塔—那些不为人知的实用冷知识 第四期,,https://t.bilibili.com/654023682685927430
2022-04-28 09:42,VIDEO,【SpireCraft】—我特么直接渡劫！！！,,https://t.bilibili.com/654002237914218505
2022-04-26 11:05,VIDEO,豹论尖塔—那些不为人知的实用冷知识 第三期,,https://t.bilibili.com/653281349110595606
2022-04-25 10:37,VIDEO,豹论尖塔—那些不为人知的实用冷知识 第二期,,https://t.bilibili.com/652903117113786376
2022-04-23 12:43,VIDEO,豹论尖塔—那些不为人知的实用冷知识  第一期,,https://t.bilibili.com/652193502619238407
2022-04-20 12:48,POST,,#UP主里程碑# 我解锁了新的里程碑！,https://t.bilibili.com/651081561368690694
2022-04-20 12:00,VIDEO,豹论尖塔—幼儿园小朋友也能听懂的塔学教程—随机数篇,,https://t.bilibili.com/651069067308826691
2022-04-19 02:39,VIDEO,豹论尖塔—21分钟机宝精通！故障机器人光速成进阶攻略（二）,,https://t.bilibili.com/650553418065117192
2022-04-19 00:44,POST,,豹肝后的一片狼藉！[辣眼睛] 在校对字幕咯！[星星眼],https://t.bilibili.com/650523821436043270
2022-04-17 18:13,VIDEO,豹论尖塔—7分钟机宝入门！故障机器人光速成进阶攻略（一）,,https://t.bilibili.com/650051903305023497
2022-04-02 10:25,VIDEO,杀戮尖塔—白夕Seal三月录播合集,,https://t.bilibili.com/644365164583321609
2022-03-24 00:16,POST,,感谢@鸔就是暴暴鸟 的好看女鹅！ 这属于图透哦！ 女鹅3.0要来了！可爱捏[星星眼][星星眼],https://t.bilibili.com/640868459910004752
2022-03-23 16:42,POST,,[星星眼]认证啦！好耶！豹终于不是底层小V了！,https://t.bilibili.com/640751469309460502
2022-03-05 12:52,VIDEO,杀戮尖塔—白夕Seal二月录播合集,,https://t.bilibili.com/634012657020567553
2022-02-16 00:02,FORWARD,,我焯！！！好看捏！！！ 我豹呢？[脱单doge],https://t.bilibili.com/627505571037637361
2022-02-15 13:19,FORWARD,,白白香香软软！机智聪明勇敢！[汤圆],https://t.bilibili.com/627339918444211826
2022-02-13 16:10,FORWARD,,好豹豹！好画！,https://t.bilibili.com/626641801575284527
2022-02-04 18:28,VIDEO,白夕Seal—除夕纪念录播！（歌回？）,,https://t.bilibili.com/623337554385848357
2022-02-04 18:24,VIDEO,豹论尖塔—14分钟玩懂！观者光速成进阶攻略！,,https://t.bilibili.com/623336682511667795
2022-02-03 18:58,POST,,ohhhhhhhh！ 他不咕了！我真的，真的哭死[2022][2022],https://t.bilibili.com/622974208743108049
2022-01-31 00:37,FORWARD,,除夕快乐！尖塔专业画手认证[doge],https://t.bilibili.com/621577317876150511
2022-01-29 16:42,VIDEO,杀戮尖塔—白夕Seal一月录播合集,,https://t.bilibili.com/621083766001841647
2022-01-23 16:08,POST,,不行啊！海豹！你不能再怠惰下去了！快去做视频！[2022],https://t.bilibili.com/618848617778603492
2022-01-06 00:55,POST,,感谢@鸔就是暴暴鸟 的女鹅！！！ 哇这么幼的嘛，可爱捏[给心心][给心心][给心心] 这个版本的豹好像也毙原版好康！,https://t.bilibili.com/612304870031417665
2021-12-30 23:15,POST,,@Whitose 感谢老板画的豹豹！delicious 指盒子很好次，弃豹，食盒！[傲娇][傲娇] 是替罪羔羊mod的作者，有兴趣可以在创业工坊玩一下哦1,https://t.bilibili.com/610052447442712553
2021-12-11 19:53,POST,,最近新换的封面和头像来咯！可爱女鹅抱抱可爱豹豹！[给心心][给心心][给心心] 再瑟瑟就挨打[鸡腿][鸡腿][鸡腿],https://t.bilibili.com/602949829966026251
2021-12-07 11:14,FORWARD,,我好不容易豹毙一次， 你们却心动的， 这么彻底， 嘎嘎嘎嘎嘎嘎~ 焯！！！,https://t.bilibili.com/601331718215445421
2021-12-03 06:54,VIDEO,杀戮尖塔—白夕Seal十二月录播合集,,https://t.bilibili.com/599780552122530783
2021-11-27 11:19,POST,,讣告：海豹洗捏了[大哭][大哭] 机顶散热你害人不浅啊！ 主板和显卡烧了，还要检测2-3小时 撒油啦啦！摸！,https://t.bilibili.com/597622120604536530
2021-11-25 08:28,VIDEO,杀戮尖塔—铁甲战士100连碎心日记（72豹豹毙毙TAT）,,https://t.bilibili.com/596835952605692983
2021-11-25 03:44,POST,,今天剪录播的时候发现歌单终于突破100首了！ 来康康豹豹喜欢听的曲子吧，http://music.163.com/playlist?id=6755228263&userid=1386223900 检测主播二次元浓度！ 检测完毕：0% 魔音贯耳肯定不是豹豹的问题[傲娇][傲娇][傲娇],https://t.bilibili.com/596762693348425893
2021-11-23 12:43,POST,,今天的验证码，惊了 啥时候买个彩票，这辈子还没中过[大哭],https://t.bilibili.com/596159512435379913
2021-11-23 05:04,VIDEO,杀戮尖塔—观者100连碎心日记,,https://t.bilibili.com/596041130250390279
2021-11-07 01:02,POST,,恭喜异地技！！！ 掀开被窝一看全是天雷！[打call][打call][打call],https://t.bilibili.com/590041610692941233
2021-11-03 20:39,POST,,感谢@是翎可哟 画的豹豹和女鹅哦！好像是猫娘杯的贺图， 但是为什么看起来像是铁锅炖豹豹？？？[吃瓜][吃瓜],https://t.bilibili.com/588860529052528224
2021-10-29 09:32,POST,,今天晚点豹凹！通宵肝稿豹脑过载怎么办捏！[妙啊] 等着上个夜班凹！,https://t.bilibili.com/586833184226371196
2021-10-29 09:05,VIDEO,豹论尖塔—15分钟玩懂！铁甲战士光速成进阶攻略！,,https://t.bilibili.com/586826277921030126
2021-10-18 03:22,VIDEO,杀戮尖塔-白夕Seal 十月录播合集,,https://t.bilibili.com/582656019295410339
2021-10-08 12:05,POST,,感谢舰长@鸔就是暴暴鸟 画的可爱豹豹和女鹅！ 不过头上的豹是不是有点大[吃瓜] 是实心可爱豹豹不是豹豹气球[妙啊]！ 贴贴大触，嘤嘤嘤[给心心],https://t.bilibili.com/579079879201891036
2021-09-24 04:03,VIDEO,杀戮尖塔-白夕Seal 九月录播合集,,https://t.bilibili.com/573760502075561092
2021-09-04 19:34,POST,,大家喜欢看哪种豹毙！ 杀戮尖塔A20 打法征集我发起了一个投票 ​大家喜欢看哪种豹毙！ 杀戮尖塔A20 打法征集,https://t.bilibili.com/566578573726607230
2021-09-01 07:03,POST,,今天陪老妈去医院！请假一天！[妙啊] 平时也要多注意父母身体鸭，子欲养而亲不待[委屈][委屈],https://t.bilibili.com/565271778385804269
2021-08-30 22:44,FORWARD,,猫粮杯决赛和表演赛录播出来咯！[给心心] 我们是冠军！ 近期收到奖金准备也做点小活动啦，敬请期待哦！[吃瓜],https://t.bilibili.com/564772123368468020
2021-08-29 00:55,POST,,我超 男的！[辣眼睛],https://t.bilibili.com/564063780178590641
2021-08-23 17:20,POST,,感谢@Nickey-danger 画的可爱小海豹！ 吸豹人 吸豹魂 吸豹都是人上人！[给心心][给心心] 我们竖琴小豹真是太可爱辣！,https://t.bilibili.com/562091011508444871
2021-08-18 16:20,POST,,最近尖塔猫娘杯比赛，主要播会尖塔！死细前几天白王啦，偶尔突然偷袭式直播[给心心],https://t.bilibili.com/560220136642485241
2021-08-17 00:00,POST,,怎么会四捏？[疑惑][疑惑],https://t.bilibili.com/559596653415902961
2021-08-11 01:30,POST,,今晚的游戏体验：就吸亿口！ 失败实验体：滚！[委屈][委屈],https://t.bilibili.com/557393240699202765
