collection,bvid,streak_len,first_p,last_p,character_sequence,first_ep_url
杀戮尖塔2—创造历史50连！110版本nosl点播合集,BV1SxGM66ESZ,50,25,74,机战猎储骨机战猎储骨机战猎储骨机战贼储骨机战贼储骨机战猎储骨机战猎储骨机战猎储骨机战猎储骨机战?储骨,https://www.bilibili.com/video/BV1SxGM66ESZ?p=25
杀戮尖塔2—111版本Nosl合集,BV1HtbU6JErW,30,49,78,猎储骨机战猎储骨机战猎储骨机战猎储骨机战猎储骨机战猎储骨机战,https://www.bilibili.com/video/BV1HtbU6JErW?p=49
杀戮尖塔2—111版本Nosl合集,BV1HtbU6JErW,14,27,40,机战贼储骨机战猎储骨机战猎储,https://www.bilibili.com/video/BV1HtbU6JErW?p=27
杀戮尖塔2—109版本nosl猎点播合集,BV1k5gm6eEQ1,13,19,31,贼贼贼猎猎贼猎贼猎猎猎猎贼,https://www.bilibili.com/video/BV1k5gm6eEQ1?p=19
杀戮尖塔2—创造历史50连！110版本nosl点播合集,BV1SxGM66ESZ,12,2,13,猎储?机战贼储?机战猎储,https://www.bilibili.com/video/BV1SxGM66ESZ?p=2
杀戮尖塔2—109版本nosl猎点播合集,BV1k5gm6eEQ1,10,1,10,猎猎猎猎猎猎猎猎猎猎,https://www.bilibili.com/video/BV1k5gm6eEQ1?p=1
杀戮尖塔2—108版本nosl合集,BV1WcMK6LEGu,7,6,12,猎猎猎猎猎猎猎,https://www.bilibili.com/video/BV1WcMK6LEGu?p=6
杀戮尖塔2—109版本nosl猎点播合集,BV1k5gm6eEQ1,5,33,37,猎猎猎猎猎,https://www.bilibili.com/video/BV1k5gm6eEQ1?p=33
杀戮尖塔2—109版本nosl猎点播合集,BV1k5gm6eEQ1,5,45,49,猎?猎猎贼,https://www.bilibili.com/video/BV1k5gm6eEQ1?p=45
杀戮尖塔2—111版本Nosl合集,BV1HtbU6JErW,5,5,9,骨机战猎储,https://www.bilibili.com/video/BV1HtbU6JErW?p=5
杀戮尖塔2—111版本Nosl合集,BV1HtbU6JErW,5,16,20,战战战战战,https://www.bilibili.com/video/BV1HtbU6JErW?p=16
杀戮尖塔2—109版本nosl猎点播合集,BV1k5gm6eEQ1,4,39,42,猎猎猎贼,https://www.bilibili.com/video/BV1k5gm6eEQ1?p=39
杀戮尖塔2—创造历史50连！110版本nosl点播合集,BV1SxGM66ESZ,4,15,18,机战猎储,https://www.bilibili.com/video/BV1SxGM66ESZ?p=15
杀戮尖塔2—111版本Nosl合集,BV1HtbU6JErW,4,11,14,战战战战,https://www.bilibili.com/video/BV1HtbU6JErW?p=11
杀戮尖塔2—111版本Nosl合集,BV1HtbU6JErW,4,22,25,机机机机,https://www.bilibili.com/video/BV1HtbU6JErW?p=22
杀戮尖塔2—109版本nosl猎点播合集,BV1k5gm6eEQ1,3,12,14,猎猎猎,https://www.bilibili.com/video/BV1k5gm6eEQ1?p=12
杀戮尖塔2—创造历史50连！110版本nosl点播合集,BV1SxGM66ESZ,3,21,23,战猎储,https://www.bilibili.com/video/BV1SxGM66ESZ?p=21
杀戮尖塔2—111版本Nosl合集,BV1HtbU6JErW,3,1,3,机战猎,https://www.bilibili.com/video/BV1HtbU6JErW?p=1
杀戮尖塔2—111版本Nosl合集,BV1HtbU6JErW,3,42,44,机战猎,https://www.bilibili.com/video/BV1HtbU6JErW?p=42
杀戮尖塔2—108版本nosl合集,BV1WcMK6LEGu,2,1,2,猎贼,https://www.bilibili.com/video/BV1WcMK6LEGu?p=1
杀戮尖塔2—111版本Nosl合集,BV1HtbU6JErW,2,80,81,储骨,https://www.bilibili.com/video/BV1HtbU6JErW?p=80
杀戮尖塔2—108版本nosl合集,BV1WcMK6LEGu,1,4,4,猎,https://www.bilibili.com/video/BV1WcMK6LEGu?p=4
杀戮尖塔2—109版本nosl猎点播合集,BV1k5gm6eEQ1,1,17,17,猎,https://www.bilibili.com/video/BV1k5gm6eEQ1?p=17
杀戮尖塔2—111版本Nosl合集,BV1HtbU6JErW,1,83,83,战,https://www.bilibili.com/video/BV1HtbU6JErW?p=83
